market,display_reference,title,decision,reason,salary_bucket,jobg8_classification,description_excerpt
London,1809822,Account Manager - Creative Agency / Channel Marketing,BORDERLINE,mixed/ambiguous title requires advert-context review,£30k–£40k,I.T. & Communications,"<p><strong>Account Manager - B2B Technology / Channel Marketing</strong></p> <p></p> <p>South West London - Hybrid, three days per week in the office</p> <p></p> <p>£35,000-£40,000 depending on experience</p> <p></p> <p>Are you an agency Account Manager with excellent project-management skills and experience delivering creative marketing communications?</p> <p></p> <p>We're working with an established marketing agency looking for an ambitious Account Manager to join its channel marketing team. You'll work with a major technology client, managing the production of marketing toolkits and communications designed to engage B2B audiences and support channel partners.</p> <p></p> <p>This is a hand"
London,1860242,Marketing Manager,LIKELY_IN,family title is a strong inclusion signal,missing/unknown,Sales & Marketing,"<p>The Opportunity<br />We are looking for a hands-on and commercially minded <strong>Marketing Manager</strong> to join a growing B2B business operating within the data, technology and insights space.<br />Working closely with the CMO and wider commercial team, you will play a key role in delivering integrated marketing campaigns that drive brand awareness, engagement and pipeline growth.<br />This is a broad and varied opportunity for an ambitious B2B marketer who enjoys being hands-on and wants exposure across the full marketing mix. You will have the opportunity to take ownership of campaigns, develop quickly and see the direct commercial impact of your work.</p> <p>The Role<br />You wil"
London,1858045,Luxury Content Marketing Executive,LIKELY_IN,family title is a strong inclusion signal,£30k–£40k,Sales & Marketing,"<p>Luxury Content Marketing Executive</p> <p>Base Salary £35,000 to £42,000 based on experience + Great Benefits</p> <p>Hybrid - Central London</p> <p>Our client is an award winning well established luxury travel company who have built their reputation through exceptional expertise, impartial advice and highly personalised service, helping discerning travellers plan complex luxury holidays around the world.</p> <p>Due to growth they are now recruiting for a Luxury Content Marketing Executive who is seeking their next career challenge.</p> <p>This role would suit someone who has already excelled in an entry-level marketing or content position and is ready to become the driving force behind on"
London,1857717,Consumer Communications Manager,OUT_SALARY,"annualised salary exceeds £50,000",">£50,000 OUT",Sales & Marketing,"<p><strong><br /></strong> </p><p><strong>Consumer Communications Manager</strong></p> <p><strong>Permanent £60,000 + Bonus and Benefits</strong></p> <p><strong>Location: London</strong></p> <p>We're partnering with a purpose-led consumer organisation to appoint an experienced Consumer Communications Manager specialising in brand and good-causes communications.</p> <p>This is an exciting opportunity for a creative communications professional to develop integrated campaigns that build brand relevance, strengthen consumer trust and demonstrate the meaningful impact the organisation makes within communities across the UK.</p> <p>We're particularly interested in candidates with significant exper"
London,1858069,Marketing Coordinator,LIKELY_IN,family title is a strong inclusion signal,missing/unknown,Sales & Marketing,"<p><strong>London -Piccadilly<br /></strong><strong>Monday - Friday ( Fully office based)</strong></p> <p></p> <p>Are you looking for an exciting marketing communications opportunity that offers exceptional exposure and the chance to elevate your marketing career?</p> <p>Our client is a highly reputable and prestigious private members' club, steeped in history and tradition. They are seeking a proactive and creative self-starter with strong marketing, copywriting, and design skills to play a key role in driving and enhancing marketing activity within one of London's most distinguished private clubs ( hospitality).</p> <p>This varied role will see you planning and delivering a wide range of m"
London,1858032,Growth Marketing Manager,OUT_SALARY,"annualised salary exceeds £50,000",">£50,000 OUT",Sales & Marketing,"<p>Join a fast-growing B2B SaaS business as a Growth Marketing Manager, owning SMB acquisition, paid media, CRO, SEO and lead generation. You'll have the autonomy to test, optimise and scale growth strategies while directly influencing pipeline and revenue.</p> <p><strong>Client Details</strong></p> <p>A growing Healthtech business based in central London</p> <p><strong>Description</strong></p> <p>Reporting to the Head of Marketing, you'll own the SMB growth engine across paid acquisition, CRO, SEO, nurture and conversion.</p> <p></p> <p>You'll have the freedom to challenge the status quo, identify opportunities and run experiments that directly influence MQLs, pipeline and revenue.</p> <p><"
London,1866810,Marketing Business Partner - Insurance,BORDERLINE,title needs advert-context review,"£40k–£50,000",Sales & Marketing,"<p><strong>Your new company</strong><br />You'll be joining a growing, international broker as they look to hire their first dedicated marketing person for the London office. You'll work closely with the wider international marketing team & colleagues in London. They have about c.150 people in London in an open-plan office & a close-knit, friendly team culture.</p> <p><strong>Your new role</strong><br />As the Marketing Business Partner, you'll play a key role in working with the UK business on a range of marketing activities & building successful working relationships with key London stakeholders. You'll also work with the wider Marketing team on the company's global marketing strategy as t"
London,1866631,Copywriter,BORDERLINE,title needs advert-context review,missing/unknown,Sales & Marketing,"<p><strong>Copywriter £37,000 - £47,000 Perm City Based Hybrid Working </strong></p> <p>Our client, a well-established and highly respected practice in the heritage building sector, is looking for a self-motivated and enthusiastic Copywriter with a passion for storytelling and a sharp eye for detail to help shape its editorial output. Based in the London studio and sitting within the Work Winning team, the Copywriter will work closely with colleagues across the practice, researching, creating and editing a wide variety of clear, engaging and persuasive content for both digital and print, with a strong understanding of audience across all collateral.</p> <p> The Copywriter will shape the firm"
London,1871284,Media & Marketing Officer,LIKELY_IN,family title is a strong inclusion signal,£30k–£40k,Sales & Marketing,"<p>Media & Marketing Officer - Temp Role</p> <p>£16.72 per hour Mainly remote 1 day per week in London Bridge.</p> <p>Are you a creative, confident communicator who loves social media? We're looking for a Media & Marketing Officer to join a small, friendly communications team on a temporary basis.</p> <p>This is a great opportunity to use your creativity across social media, digital content, newsletters and campaigns, helping raise awareness and engagement.</p> <p></p> <p>What you'll be doing:</p> <ul> <li>Creating engaging social media posts - including graphics and captions</li> <li>and scheduling content across platforms</li> <li>Monitoring social media and spotting opportunities to ampli"
London,1871250,Digital Marketing & Social Media Consultant,BORDERLINE,description-led family signal needs advert review,missing/unknown,Sales & Marketing,"<p></p> <p><strong>Digital Marketing & Social Media Consultant</strong><br /> London Inside IR35Day rate - £300 - £350 This is an exciting opportunity to support high-impact digital campaigns that focus on public awareness, education, and positive social change. Working across a range of digital channels, you will help deliver campaigns designed to engage audiences, promote important issues, and combat the spread of misinformation.<strong>The Company</strong>They are a mission-driven organisation delivering digital communications and awareness campaigns on topics that have a meaningful societal impact. Their work spans areas such as environmental issues, equal rights, and public awareness in"
London,1871603,Digital Marketing Manager - Retail Experience,LIKELY_IN,family title is a strong inclusion signal,missing/unknown,Sales & Marketing,"<p><strong>Digital Marketing Manager - Retail Experience</strong></p> <ul> <li>Our client is an established digital agency looking for a Digital Marketing Manager</li> <li>The successful candidate will have online retail experience - thank you</li> </ul> <p><strong>Digital Marketing Manager - Retail Experience</strong></p> <ul> <li>DMM will drive digital growth across paid media, SEO and landing pages</li> <li>Building campaigns with clients</li> <li>Working with customer journeys</li> <li>Focus ROI for clients</li> <li>Technology tracking</li> </ul> <p><strong>Digital Marketing Manager - Retail Experience</strong></p> <ul> <li>Immediate interviews on ZOOM</li> </ul> <p><strong>By applying t"
London,1874642,Corporate Communications Lead,BORDERLINE,title needs advert-context review,missing/unknown,Sales & Marketing,"<p>In this fixed-term maternity cover role as Corporate Communications Lead, you will lead corporate and internal communications for this leading property developer during an important period for the business, helping to tell a clear and compelling story about our strategy, performance, places and people.</p> <p></p> <p></p> <p><strong>Client Details</strong></p> <p>The business are a FTSE listed business with a strong balance sheet at 15.2bn assets under management. They are responsible for some of the most high profile leasing and developments in London and the UK. With 600 employees this is a role that will give you the ability to make significant impact in the business and how they tell "
London,1875829,Marketing Manager - Events,LIKELY_IN,family title is a strong inclusion signal,"£40k–£50,000",Sales & Marketing,"<p><strong> Marketing Manager - Events</strong></p> <p><strong>£40,000 - £50,000 Base + Bonus</strong></p> <p><strong>London</strong></p> <p><strong>Leading international events business seeks highly accomplished Events Marketing Manager to join their high growth business working across a portfolio of flagship Events!</strong></p> <p>As Events Marketing Manager, you will have complete bottom-line responsibility for creating and executing innovative, international marketing plans deploying online and offline direct marketing tactics.</p> <p>Focused on demand generation and driving leads along the sales funnel you will be working in collaboration with the Marketing Director, Managing Director "
London,1873363,German-Speaking Freelance Social Media Manager,LIKELY_IN,family title is a strong inclusion signal,missing/unknown,Sales & Marketing,"<p><strong>German-Speaking Social Media Manager - Freelance</strong> </p><p><strong>£300/day Full-Time Remote 1-Month Rolling Contract</strong></p> <p>We're looking to connect with experienced <strong>German-speaking Social Media Managers</strong> for upcoming freelance opportunities supporting international agency clients.</p> <p>You'll be responsible for managing and delivering social activity for the German market, working closely with wider social, creative and account teams to ensure content is culturally relevant, platform-native and aligned with the brand's tone of voice.</p> <p><strong>Key responsibilities:</strong></p> <ul> <li>Managing day-to-day social media activity across platfo"
London,1873480,"Freelance, PR Account Manager",BORDERLINE,title needs advert-context review,missing/unknown,Sales & Marketing,"<p><strong>PR Account Manager - Tech Freelance</strong> </p><p><strong>£300/day Outside IR35 Full-Time Hybrid London 1-Month Rolling Contract ASAP Start</strong></p> <p>We're looking to connect with experienced <strong>PR Account Managers</strong> for upcoming freelance opportunities supporting a leading global creative agency on a major <strong>technology account</strong>.</p> <p>You'll work across fast-paced consumer and corporate communications, helping manage the day-to-day client relationship while delivering PR campaigns, product launches and proactive media activity.</p> <p><strong>Key responsibilities:</strong></p> <ul> <li>Managing day-to-day client relationships and acting as a key"
London,1870786,Digital Communications Officer,LIKELY_IN,family title is a strong inclusion signal,missing/unknown,Sales & Marketing,"<p><strong>Job Advert: Digital Communications Officer</strong></p> <p>Our client, a leading organisation committed to ensuring safe and sustainable energy supply across the UK, is seeking a passionate and detail oriented Digital Communications Officer.</p> <p>Start ASAP, hours Monday-Friday 36 hours per week, pay 175-200 per day via umbrella, duration until the end of February 2027 with a view of possible extension, hybrid working, one day a week in the office, location Canary Wharf.</p> <p><strong>Key Responsibilities:</strong></p> <ul> <li>Collaborate with the Digital Communications team to enhance website content using user-focused design principles.</li> <li>Review, write, edit, and publ"
London,1868568,Social Media Influencer: Work from home,OUT_SPECIALIST,specialist/senior title boundary,missing/unknown,Sales & Marketing,"<p>Interested in a way to dramatically increase your income from your followers? By leveraging our company's income plan and building client relationships you can generate a full-time income, working this on a part-time basis.</p> <p><strong>The Company</strong></p> <p>You will be working alongside the direct selling arm of a multi-billion-dollar company, established in 90+ countries having started in 1980.</p> <p><strong>Training and Support</strong></p> <p>A full training and support programme is well established, encompassing online, webinar and seminar trainings.</p> <p><strong>Skills/Experience</strong></p> <ul> <li>Good Social Media skills particularly Instagram, Facebook, X or TikTok<"
London,1868140,Senior Content Marketing Manager,LIKELY_IN,family title is a strong inclusion signal,missing/unknown,Sales & Marketing,<p>Our client is partnering with us on a Senior Content Marketing Manager role specifically focusing on the German Market. This is a high profile opportunity to support a growing part of the business with a focus on retirement products within this market. Role can be based in the city of London or Frankfurt.</p> <p></p> <p><strong>Client Details</strong></p> <p>Our client are a leading asset management firm across the institutional and private wealth space. They are looking to hire a Senior Content Manager (German speaker) into their global content team. This role will provide instrumental support to the German team specifically on retirement and pension products where there is significant r
London,1867021,Digital Marketing Manager - Agency Experience,LIKELY_IN,family title is a strong inclusion signal,missing/unknown,Sales & Marketing,"<p><strong>Digital Marketing Manager - Agency Experience</strong></p> <ul> <li>Our client is an established digital agency looking for a Digital Marketing Manager</li> <li>The successful candidate will digital or advertising agency experience - please do not apply otherwise - thank you ever so much!</li> </ul> <p><strong>Digital Marketing Manager - Agency Experience</strong></p> <ul> <li>DMM will drive digital growth across paid media, SEO and landing pages</li> <li>Building campaigns with clients</li> <li>Working with customer journeys</li> <li>Focus ROI for clients</li> <li>Technology tracking</li> </ul> <p><strong>Digital Marketing Manager - Agency Experience</strong></p> <ul> <li>Immedia"
London,1877804,Social Media Manager - 12 month FTC,LIKELY_IN,family title is a strong inclusion signal,missing/unknown,Sales & Marketing,"<p><strong>Social Media Manager - 12-Month FTC (Maternity Cover) Hybrid London Start Required by November 2026 (Latest)</strong></p> <p></p> <p>We're working with an award-winning creative agency to appoint a Social Media Manager on a 12-month fixed-term contract. You will be working with a very well-known coffee brand (probably grab a morning coffee from them!) to lead the social media, bring together strategy, content creation, community management, and performance analysis.</p> <p></p> <p><strong>Key Responsibilities:</strong></p> <p></p> <p> Expand and manage social content strategies and calendars.</p> <p> Create and execute engaging social content across key platforms.</p> <p> Lead com"
London,1883492,Marketing & Social Media Coordinator,LIKELY_IN,family title is a strong inclusion signal,£30k–£40k,Sales & Marketing,"<p><strong>Job Advertisement: Marketing & Social Media Coordinator</strong></p> <p><strong> Advertised by OA West End</strong></p> <p><strong>Location:</strong> Hybrid</p> <p><strong>Contract Type:</strong> Permanent</p> <p><strong>Salary:</strong> £30,000 - £35,000</p> <p><strong>Working Pattern:</strong> Full Time</p> <p><strong>Driving Required:</strong> Yes</p> <p><strong>Who We Are:</strong></p> <p>We are a dynamic design and build organization specializing in kitchen fitting and internal renovations. As we continue to grow, we're on the lookout for a passionate and skilled Marketing & Social Media Coordinator to join our vibrant team! If you have a flair for creativity and a knack for "
London,1883721,Marketing & Business Development Manager,BORDERLINE,mixed/ambiguous title requires advert-context review,missing/unknown,I.T. & Communications,"<p>We are currently recruiting on behalf of a leading global law firm, to assist them in their search for a new Marketing and Business Development Manager to join their London office.</p> <p>The Marketing and BD Manager will work collaboratively and act as a main point of contact across their Corporate, Litigation and Project Finance practice groups to deliver top-tier client results.</p> <p>Responsibilities will include:</p> <ul> <li>Supporting the drafting and implementation of marketing plans, refining and taking ownership, as necessary.</li> <li>Managing targeting lists, compiling data, and running reports.</li> <li>Supporting RFP and pitch processes; producing, submitting, and monitorin"
London,1884417,Communications Officer,LIKELY_IN,family title is a strong inclusion signal,£30k–£40k,Sales & Marketing,"<p><strong>Communications Officer</strong></p> <p>London, W2 (with hybrid working)</p> <p></p> <p><strong>About Us</strong></p> <p></p> <p>We're Imperial Health Charity, an organisation that helps our hospitals do more through grants, arts, volunteering, and fundraising. We support the five hospitals of Imperial College Healthcare NHS Trust: Charing Cross, Hammersmith, Queen Charlotte's & Chelsea, St Mary's, and the Western Eye.</p> <p></p> <p>We are now looking for a Communications Officer to join our team on a permanent, full-time basis, working 35 hours per week, including occasional evening and weekend work.</p> <p></p> <p><strong>The Benefits</strong></p> <p></p> <p>- Starting salary of"
London,1891479,Marketing Assistant,LIKELY_IN,family title is a strong inclusion signal,missing/unknown,Sales & Marketing,"<p><strong>Pear Recruitment - Marketing Assistant</strong></p> <p><strong>Salary - £28,000 - £35,000</strong></p> <p><strong>Location - Finsbury Park </strong></p> <p><strong>Full-time, in-house </strong></p> <p></p> <p>Our client is a small, independent business with ambitious plans for the future. With an exciting new brand identity about to launch, this is a fantastic opportunity to join the business at an important stage of its journey. You'll have the chance to play a key role in bringing the new brand to life, make a genuine difference from day one, and grow alongside a team that is focused on achieving big things.</p> <p>They are looking for someone with real energy, enthusiasm and am"
London,1897613,Marketing and Digital Assistant,BORDERLINE,description-led family signal needs advert review,missing/unknown,Sales & Marketing,"<p><strong>Full Time in the office is SW London</strong></p> <p>Looking to get your marketing career off to a flying start?</p> <p>We're working with a growing events and media business looking for a Marketing & Digital Assistant to join its busy marketing team.</p> <p>This is a great opportunity for someone who wants to get stuck into digital marketing, content, events, webinars, social media and campaigns, while building valuable experience and learning from an experienced team.</p> <p><strong>What will you be doing?</strong> </p><p>A bit of everything - and that's what makes this role interesting. <br />You'll support marketing campaigns across a portfolio of events and digital products, "
London,1901037,Programme Manager Customer Marketing Transformation (FTC),OUT_SALARY,"annualised salary exceeds £50,000",">£50,000 OUT",Sales & Marketing,"<p><strong>Job Description</strong> </p><p>We're now recruiting for a <strong>Programme Manager, Customer Marketing Transformation</strong> (1-Year Fixed-Term Contract), to lead and deliver strategic initiatives that enhance customer engagement, modernise marketing capabilities, and improve customer experiences across AJ Bell.</p> <p>Working across marketing, digital, data, technology, and operations, you'll manage complex cross functional programmes that deliver measurable business outcomes and support our long-term growth ambitions. The role is responsible for programme governance, stakeholder management, budgeting, risk management, and delivery planning, ensuring transformation initiative"
London,1903913,Event Marketing Manager,LIKELY_IN,family title is a strong inclusion signal,missing/unknown,Sales & Marketing,"<p><strong> Event Marketing Manager - Conferences</strong></p> <p><strong> Up to £45,000 + Bonuses</strong></p> <p><strong> London/Hybrid (3 days office)</strong></p> <p></p> <p>The event marketing manager role is a newly created role working on a global series of Marketing Campaigns across a number of Business Events including Security & Pharma, whilst managing & mentoring 1-2 junior marketers.</p> <p></p> <p><strong>Targets</strong></p> <ul> <li>To devise and implement several marketing campaigns per annum keeping to deadlines set</li> <li>To increase revenue on specified events by a minimum of 5% year on year</li> <li>To produce effective marketing plans within budget</li> <li>To achieve "
London,1908965,Marketing and Campaigns Officer - 6 month contract,BORDERLINE,description-led family signal needs advert review,£30k–£40k,Sales & Marketing,"<p>This job includes leading the delivery of impactful multi-channel marketing campaigns that raise awareness, generate income and showcase the life-changing work of this healthcare charity. Working with fundraising, brand and content teams, you'll bring powerful stories to life through integrated campaigns, using audience insight and performance data to drive engagement and income generation.</p> <p><strong>Client Details</strong></p> <p>This client is a healthcare charity, based in London.</p> <p><strong>Description</strong></p> <ul> <li>Support the planning and delivery of multi-channel marketing campaigns that support fundraising, awareness and audience engagement objectives.</li> <li>Wo"
London,1908889,"Global Brand Manager, Communications",LIKELY_IN,family title is a strong inclusion signal,missing/unknown,Sales & Marketing,"<p><strong><b>The Body Shop</b></strong></p> <p>When Anita Roddick founded The Body Shop in 1976, she had a vision. Business as a force for good - that's us. 50 years later, we're proud to be pioneering cruelty-free beauty every step of the way. We're the original ethical beauty brand. We've got a thing for empowering people and enriching our planet. We're all about keeping it real, in every way possible. Our activist roots remain a huge part of everything we do, from our iconic window posters to our vegetarian products to our infamous campaigns. We're never afraid to stand up and speak the truth. We like to do things a little differently around here. </p> <p></p> <p>The Body Shop is committ"
London,1908878,Digital Brand Manager,LIKELY_IN,family title is a strong inclusion signal,missing/unknown,Sales & Marketing,"<p><strong>Role:</strong> Health & Wellness Brand Manager (Fixed Term Contract) </p> <p><strong>Location:</strong> Farringdon, London (Hybrid - 2 days/week in-office, typically Tue/Wed) </p> <p><strong>Hours:</strong> 9:00 AM - 5:00 PM</p> <p>Are you a social-first marketing expert who loves creating viral moments and building brand communities?</p> <p>We are looking for a dynamic <strong>Brand Manager</strong> to spearhead the growth of two powerhouse snacking brands. In this role, you will lead the creation of digital content, drive community engagement, and execute high-impact experiential marketing initiatives.</p> <p><strong>What you'll do:</strong></p> <ul> <li><strong>Campaign Leaders"
London,1908723,Digital Marketing Manager (FMCG),OUT_SALARY,"annualised salary exceeds £50,000","£40k–£50,000",Sales & Marketing,"<p>FRENCH SELECTION (FS)</p> <p><strong>Digital Marketing Manager (FMCG)</strong></p> <p><strong>Location: London</strong></p> <p><strong>Hybrid work 2 days a week in the office</strong></p> <p><strong>Salary: between £50,000 per annum and £55,000 per annum depending on experience plus bonus and great benefits</strong></p> <p><strong>Ref: 4339DM</strong></p> <p>To apply using our preferred format, please visit French Selection website, go to the vacancies page, search job reference: 4339DM</p> <p></p> <p><strong>The company:</strong> A leading international food manufacturer serving retailers, distributors and foodservice partners in international markets</p> <p></p> <p><strong>Main duties:<"
London,1907176,Marketing Executive,LIKELY_IN,family title is a strong inclusion signal,missing/unknown,Sales & Marketing,<p>We are partnering with a leading private equity firm who are looking to hire a Marketing Executive as a 12 month FTC into their team in London.</p> <p><strong>Client Details</strong></p> <p>The client are a leading private equity brand located in central London. They are looking to hire a Marketing Executive as a 12 month fixed term contract into their team. This role will have a strong content focus as well as working across events and the wider marketing and communications function.</p> <p><strong>Description</strong></p> <p>Responsibilities of the Marketing Executive:</p> <p> Support in maintaining the firm's library of presentations and case-studies covering range of sectors and offic
London,1910441,Interim Head of Marketing,OUT_SALARY,"annualised salary exceeds £50,000",">£50,000 OUT",Sales & Marketing,"<p>As Interim Head of Marketing, you'll take the lead on shaping and delivering marketing campaigns that drive audience growth and engagement.</p> <p></p> <p><strong>Client Details</strong></p> <p>High growth, highly recognisable media company with HQ in London</p> <p><strong>Description</strong></p> <ul> <li>Reporting to the Marketing Director, you will be responsible for engagement, growth and audience expansion, and GTM campains</li> <li>Support a data driven marketing approach - testing and optimising campaigns</li> <li>Mentor and develop a strong team, as well as working indirectly with the wider marketing team</li> <li>Partnering cross functionally to align on marketing campaign, drive"
London,1909565,Marketing Manager,OUT_SALARY,"annualised salary exceeds £50,000",">£50,000 OUT",Sales & Marketing,"<p><strong>London - 5 Days Onsite</strong><br /> <strong>Contract Length:</strong> 3-4 Months</p> <p> <strong>Rate:</strong> £277.12 - £307.94 per day (PAYE)<br /> <strong>40 Hours per Week</strong></p> <p><strong>Join a Creator Monetisation Team for Peak Q4 Campaigns</strong></p> <p>We're looking for <strong>two Brand Collaborations Specialists</strong> to join a fast-paced EU Creator Monetisation team during our busiest and most exciting period of the year. This is a hands-on execution role where you'll own influencer campaigns from brief through to reporting, partnering with brands and creators across the UK, Germany, France, Italy, and Spain.</p> <p>Working alongside a team of experience"
London,1928074,Senior Marketing and Events Executive,BORDERLINE,description-led family signal needs advert review,missing/unknown,Sales & Marketing,"<p><strong>SENIOR MARKETING AND EVENTS EXECUTIVE</strong><br />Join an ambitious international events business as a Senior Marketing and Events Executive on a 12-month contract with the potential to extend. Working remotely, you'll play a key role in delivering impactful marketing campaigns and world-class events that bring together industry leaders from across the global food sector. This is an exciting opportunity for an experienced events marketer who thrives in a fast-paced environment and is passionate about driving engagement, innovation and industry growth.</p> <p><strong>SENIOR MARKETING AND EVENTS EXECUTIVE ROLE:</strong> </p><ul> <li>Developing and executing integrated marketing ca"
London,1934037,Marketing & BD Executive,BORDERLINE,description-led family signal needs advert review,missing/unknown,Sales & Marketing,"<p>An established and highly regarded professional services firm is looking for a Marketing & Business Development Executive to join its growing team.</p> <p>This is a varied, hands-on role combining business development, marketing and communications, with the opportunity to work closely with senior stakeholders across the organisation.</p> <p>Key responsibilities include:</p> <ul> <li>Managing professional directory submissions and rankings processes.</li> <li>Supporting business development, client relationship and targeting initiatives.</li> <li>Conducting market research and identifying new business opportunities.</li> <li>Creating pitches, proposals and other BD materials.</li> <li>Supp"
London,1932860,Marketing Planner,BORDERLINE,description-led family signal needs advert review,£30k–£40k,Sales & Marketing,"<p><strong>Marketing Planner - Premium Brand<br />£30,000pa - £40,000pa + Company Benefits<br />London</strong></p> <p>A prestigious premium brand renowned for its innovative performance accessories and equipment collections is currently recruiting for a Marketing Planner to join its growing Head Office team in London.</p> <p>This is a fantastic opportunity for an experienced Marketing professional to take ownership of the brand's planning and coordination across marketing, events and partnerships end-to-end, while managing the marketing calendar and go-to-market plan across the business.</p> <p>Working closely with the CEO and managing the Creative Lead, the Marketing Manager will play a pi"
London,1938262,Ecommerce Assistant - Luxury brand,LIKELY_IN,family title is a strong inclusion signal,missing/unknown,Sales & Marketing,"<p></p> <p>e are currently supporting a prestigious luxury jewellery house in their search for an E-Commerce Assistant to join their team.</p> <p>As an E-Commerce Assistant, you will play a key role in supporting the day-to-day management and smooth running of the online store.</p> <p>You will be responsible for maintaining and enhancing product content, imagery and online merchandising, ensuring the digital customer journey consistently reflects the brand's exceptional standards, luxury positioning and attention to detail.</p> <p>This is an excellent opportunity for someone with a passion for luxury, jewellery and e-commerce who wants to develop their career within a prestigious brand envir"
London,1940429,Senior Marketing Executive,LIKELY_IN,family title is a strong inclusion signal,missing/unknown,Sales & Marketing,"<p><strong>The Candidate:</strong></p> <p>We're looking for an experienced, enthusiastic and competent marketer who understands the core principles of great marketing and has a strong set of digital skills to match. You'll take a key role in delivering campaigns that drive visitor attendance and ticket sales within budget, across three genuinely different audiences, so the ability to pivot tone and messaging so it resonates authentically with each one matters far more than a one-size-fits-all approach.</p> <p>You'll bring initiative and fresh ideas, get stuck into the customer-centric campaign, and manage your time independently across more than one project at once. We're looking for around "
London,1944944,Global Head of Communications and Marketing,OUT_SALARY,"annualised salary exceeds £50,000",">£50,000 OUT",Sales & Marketing,"<p><b>Global Head of Communications and Marketing</b></p> <p>We are seeking a strategic and hands-on communications leader to shape the global profile of an international heritage charity and its commercial work.</p> <p><b>Position:</b> Global Head of Communications and Marketing<br /><b>Location:</b> Home-based in the UK, with frequent travel to London and international travel as required<br /><b>Salary:</b> £52,000 to £65,000 per annum, depending on experience<br /><b>Hours:</b> Full-time<br /><b>Closing Date:</b> 4 October 2026</p> <p>The closing date may be brought forward if a high volume of applications is received.</p> <p><b>About the Role</b></p> <p>This is an influential leadership "
London,1944052,"Graduate PR Assistant, Professional Services",LIKELY_IN,family title is a strong inclusion signal,missing/unknown,Sales & Marketing,"<p>Join this PR agency team as a Graduate PR Assistant and embark on a rewarding career path with clear short, medium, and long-term goals. This isn't just a job; it's an opportunity to grow within a company that values and nurtures its talent from within. You'll receive the support and freedom needed to thrive as a PR professional, working with clients in the professional services sector, including property, legal, and construction.</p> <p>We're looking for graduates with outstanding writing skills, whether honed through your studies or your passion for the written word. Confidence, capability, and a proactive attitude are essential, as you'll need to support the team in various tasks. An i"
London,1950269,Product Marketing Manager,LIKELY_IN,family title is a strong inclusion signal,missing/unknown,Sales & Marketing,"<p><strong>PRODUCT MARKETING MANAGER - B2B SAAS</strong></p> <p>Our client is a growing B2B SaaS business providing cloud-based software solutions to a specialist sector, helping organisations streamline critical operational processes and manage information more effectively. With a strong and expanding customer base, they're a business on an upward trajectory, looking to strengthen their marketing function as they scale.</p> <p>They're looking for a dynamic, detail-oriented Product Marketing Manager to sit at the intersection of product, sales, customer success and marketing, translating technical capabilities into compelling value propositions that help commercial teams win.</p> <p><strong>"
London,1950122,Contract- Content SEO,BORDERLINE,title needs advert-context review,missing/unknown,Sales & Marketing,"<p>We are working with a globally recognised entertainment brand looking for an experienced <strong>Content Producer</strong> to join its Consumer Engagement team, with a focus on <strong>SEO, GEO and organic content optimisation</strong>.</p> <p>This is a hands-on content role combining <strong>editorial production, SEO and emerging AI search practices</strong>. You'll be responsible for creating, optimising and refreshing web content to ensure it is useful and engaging for audiences while also being easily understood, retrieved and surfaced by AI-powered search and answer engines.</p> <p></p> <p><strong>The Role</strong></p> <p>As Content Producer, you'll create and optimise editorial cont"
London,1950380,"Direct Marketing Executive, Legacy Marketing",LIKELY_IN,family title is a strong inclusion signal,£25k–£30k,Sales & Marketing,"<p><strong>About the role</strong></p> <p>In this busy role, you'll assist in the delivery of legacy marketing campaigns</p> <p>channels across a range of channels, including digital, telemarketing, legacy events and direct mail, and help to promote gifts in wills to internal audiences too. You'll be allocated your own campaigns to project manage and you'll monitor income, expenditure and KPI's for all activity.</p> <p>You'll provide support for the administration of gifts in wills, including managing both legacy enquiries and legacy notifications, ensuring these are handled efficiently and to agreed timescales. This is a great role within a growing legacy program that will build your legacy"
London,1956574,Web Content Manager (remote),LIKELY_IN,family title is a strong inclusion signal,missing/unknown,Sales & Marketing,"<p><strong>Your new company</strong></p> <p>A leading public sector organisation is seeking a Website Content Manager to join its digital content team. You will play a key role in ensuring important information is accessible, accurate and easy to understand for users, businesses and stakeholders.</p> <p><strong>Your new role</strong></p> <p>As a Website Content Manager, you will be responsible for creating, editing and publishing content across a large government digital platform. You'll work closely with stakeholders to ensure content meets user needs, follows digital content best practices and supports the delivery of high-quality online services.</p> <p><strong>Key responsibilities will i"
London,1956484,OEM Marketing Specialist,OUT_SALARY,"annualised salary exceeds £50,000",">£50,000 OUT",Sales & Marketing,"<p>This is a fabulous SENIOR specialist marketing role for someone<br />with an OEM AUTOMOTIVE background . It is a genuinely dual Brand<br />+ Partnerships role, and it is hands-on/operational rather than<br />purely strategic. You will actually coordinate agencies, partners<br />(including football clubs) , assets, campaigns, launches, events,<br />timelines and budgets as well advise on the direction of the<br />business. The emphasis of this role is on being the day-to-day<br />agency contact and ensuring the on-time and effective delivery of<br />marketing and launch campaigns through to execution.</p> <p>TITLE : OEM Automotive SENIOR Marketing Manager</p> <p>Work style: Office Location"
London,1960469,Performance Marketing Lead,OUT_SALARY,"annualised salary exceeds £50,000",">£50,000 OUT",Sales & Marketing,"<p><strong>Performance Marketing Lead Up to £75,000</strong> </p><p><strong>London - x3 days a week Hybrid</strong></p> <p>An exciting opportunity has arisen for a Performance Marketing Lead to join a high-growth, international consumer brand at an exciting stage of its growth journey.</p> <p>Reporting into the Head of Performance Marketing, you'll take ownership of performance marketing across multiple international markets, leading a team across paid media and performance creative.</p> <p>The role will cover strategy and execution across key platforms including Meta, TikTok, Google and YouTube, with responsibility for driving acquisition performance and improving key commercial metrics inc"
London,1958429,Public Relations Manager (TV & Film Giant!),BORDERLINE,title needs advert-context review,<£25k,Sales & Marketing,"<p>A Major TV & Film giant have a unique and exciting opportunity for a Public Relations / Communications Manager for one of the biggest names in the world!<br /><strong><br /> Duration</strong>: 12 Months<br /><strong>Location</strong>: London (Hybrid 2-3 days onsite)<br /><strong>Per Day Rate</strong>: £400-£500 PAYE</p> <p>Our client is seeking a talented, experienced communications professional to join the global comms team and amplify their brand across the UK and beyond. The successful candidate will be a multi-disciplinary communications professional who operates confidently across corporate storytelling, content publicity and consumer brand PR. </p> <p> We're looking for a modern com"
London,1957082,Senior Internal Communications Executive,LIKELY_IN,family title is a strong inclusion signal,missing/unknown,Sales & Marketing,"<p>As a Senior Internal Communications Executive in London, you'll play a key role in shaping and delivering clear, engaging internal messages that keep everyone informed and aligned. This role is working for a leading global recruitment consultancy and is about driving effective communication strategies to support the organisation's goals.</p> <p></p> <p>Role is based in Central London.</p> <p><strong>Client Details</strong></p> <p>We are looking to hire a Senior Internal Communications Executive into our marketing team in central London. This role will report to the Head of Marketing and will work closely with the UK board on driving communications across the UK business.</p> <p></p> <p>Th"
London,1959454,Senior Communications Manager,LIKELY_IN,family title is a strong inclusion signal,missing/unknown,Sales & Marketing,"<p>Senior Communications Manager<br />£575 Daily Inside IR35<br />6 months contract<br />Hybrid working pattern can be based in either London, Cheltenham or Liverpool</p> <p>My government client is looking for an experienced Senior Communications Manager to play a pivotal role in shaping and delivering the organisation's internal communications activity, ensuring staff at all levels are informed, engaged and connected in support of their mission and organisational priorities. </p> <p>Experience required:</p> <ul> <li>Proven experience of developing and delivering internal communications strategies and campaigns within a complex organisation, with demonstrable success in engaging diverse empl"
London,1954993,Marketing Lead,BORDERLINE,title needs advert-context review,missing/unknown,Sales & Marketing,"<p><strong>Job Title:</strong> Candidate Marketing Lead - Talent Attraction & Early Careers</p> <p><strong>Location:</strong> London (Hybrid - 1 Day/Week In-Office)</p> <p><strong>Contract:</strong> 6 Months 40 hrs/wk</p> <p><strong>Role Overview</strong></p> <p>Lead the UK talent attraction strategy for a global professional services firm. Reporting to the Marketing Director, you will design and execute campaigns to attract <strong>Early Talent</strong> (graduates, interns) and <strong>Experienced Hires</strong>, while overseeing employer brand activation and alumni engagement.</p> <p><strong>Key Responsibilities</strong></p> <ul> <li><strong>Campaign Delivery:</strong> Run multi-channel ma"
London,1947047,Event and Marketing Manager,LIKELY_IN,family title is a strong inclusion signal,missing/unknown,Sales & Marketing,"<p><strong>Event Manager - Client Events and Property Industry Marketing</strong></p> <p>Are you an Event Manager who understands how live industry events can build brand presence, create meaningful audience engagement and support wider marketing campaigns? Do you enjoy combining the detail of event delivery with the insight, creativity and commercial thinking needed to keep client brands visible, fresh and relevant all year round?</p> <p>Our client, a specialist property marketing agency, is looking for a confident and proactive Event Manager to manage client event activity at property industry events across the UK. This role is ideal for someone who can deliver high-quality event experienc"
London,1946507,Commercial Marketing Manager,LIKELY_IN,family title is a strong inclusion signal,missing/unknown,Sales & Marketing,"<p>Marketing & Communications Manager</p> <p>Overview</p> <p>We are seeking an experienced and dynamic <strong>Marketing & Communications Manager</strong> to lead the development and delivery of impactful marketing, communications and media strategies. This is an exciting opportunity for a creative and influential professional who thrives in a fast-paced environment and is passionate about engaging audiences, building strong relationships and driving organisational growth.</p> <p>Key Responsibilities</p> <ul> <li>Develop and deliver integrated marketing, communications and media strategies that enhance brand awareness and engagement.</li> <li>Create compelling content and campaigns across di"
London,1947741,Head of Marketing,OUT_SPECIALIST,specialist/senior title boundary,missing/unknown,Sales & Marketing,"<p><strong>GROUP HEAD OF MARKETING GLOBAL MEDTECH</strong></p> <p><strong>Access to South London x 2/3 days per week .</strong></p> <p>A role for a marketing leader who wants to make a real impact.</p> <p>An exciting, confidential opportunity for an experienced marketing leader to take ownership of a global marketing function within an international medical technology business.</p> <p>This isn't a role where you'll simply inherit a marketing plan and manage the day-to-day.</p> <p>You'll have the opportunity to shape the strategy, influence product development, build market positioning, lead a team and directly support international commercial growth.</p> <p>If you're a marketer who thrives o"
London,1939445,Brand Marketing Lead,OUT_SALARY,"annualised salary exceeds £50,000",">£50,000 OUT",Sales & Marketing,"<p><strong>Handle Recruitment are looking for a Brand Marketing Lead to join our clients growing events business.</strong></p> <p> Up to £65,000 per annum.<br /> London Hybrid - 3 days a week in office</p> <p><strong>About the Company</strong><br /> Our client is a founder-led events business with a team of 50+ specialists working across some of the UK's largest and most exciting events.</p> <p> Their Marketplace supports B2B and B2C customers, connecting them with standout suppliers across street food, drink and venues for private events. Clients include Spotify, Netflix and BBC, across everything from large-scale summer and Christmas parties to regular office lunches.</p> <p> Their Live di"
London,1939562,Digital Marketing Campaign Specialist (Language Skills),BORDERLINE,description-led family signal needs advert review,<£25k,Sales & Marketing,"<p>Marketing Assistant/Specialist - Language Skills Required (see below)</p> <p><strong>Located</strong>: London Based (Hybrid 2-3 days)<br /><strong>Day Rate</strong>: Up to £250 PAYE<br /><strong>Duration</strong>: 4 months with potential to extend</p> <p>Our client is seeking a dynamic Marketing Assistant/Specialist with language skills to play an integral role in executing large-scale deal events and enhancing customer engagement initiatives for EU marketplaces. This exciting opportunity is set against the backdrop of Q4 peak events, where your contributions will make a significant impact!</p> <p><strong>Experience Required:</strong></p> <ul> <li>Experience in marketing, merchandising an"
London,1939391,Public Relations Executive (Part-Time),LIKELY_IN,family title is a strong inclusion signal,missing/unknown,Sales & Marketing,"<p><strong>London EC1 Hybrid Working 3 Days Per Week</strong></p> <p>Are you a PR professional who loves securing media coverage and wants the flexibility of a part-time role?</p> <p>We're looking for an experienced Public Relations Executive to take ownership of media relations and earned media activity for a well-established professional services business. Working closely with the Managing Director, you'll identify newsworthy stories, build relationships with journalists and generate high-quality coverage across national, business and trade media.</p> <p>This is a hands-on role with genuine autonomy, offering the opportunity to shape PR activity and deliver visible results.</p> <p><strong>"
London,1935089,Campaign Performance Manager,OUT_SALARY,"annualised salary exceeds £50,000",">£50,000 OUT",Sales & Marketing,"<p><strong>Campaign Performance Manager (6 Month FTC)</strong></p> <p><strong>£75,000 - £85,000 pro-rata, Remote, Potential to Become Permanent</strong></p> <p>Are you brilliant at turning campaign data into compelling business stories?</p> <p>We're partnering with a global consultancy to find a Campaign Reporting Manager who can take complex multi-channel marketing performance data and translate it into clear, executive-level insights that drive decision making.</p> <p>This isn't a role for someone who simply reports on clicks, impressions and CTRs. We're looking for someone who can explain the bigger picture: what happened, why it matters to the business, and what should happen next.</p> <"
London,1912842,Head of Performance Marketing,OUT_SPECIALIST,specialist/senior title boundary,missing/unknown,Sales & Marketing,"<p>Growth across international markets depends on more than individual channels delivering in isolation. As Head of Performance Marketing, you'll shape a joined-up digital strategy, connect investment decisions with commercial outcomes and give specialist teams the insight, direction and frameworks needed to deliver sustainable growth.</p> <p>You'll work across multiple brands and markets, bringing together paid media, Brand, ATL, Creative, Retention, BI and Technology. With significant influence over planning, forecasting, measurement and cross-channel optimisation, you'll help senior stakeholders understand what is driving results, where investment should move and which opportunities can m"
London,1908464,Marketing Specialist,BORDERLINE,title needs advert-context review,missing/unknown,Sales & Marketing,"<p>Robert Half is seeking a creative, proactive and highly organised Marketing Specialist with a strong creative and video production background to join our London-based marketing team at The Shard.</p> <p>The Marketing Specialist will be responsible for planning, coordinating and delivering a range of marketing activities across digital channels, including content, social media, email marketing, events and webinars. This role places particular emphasis on <strong>video editing and creative content production</strong>, so candidates with a genuine creative flair and hands-on video skills are strongly encouraged to apply.</p> <p>Working closely with local, regional and international marketing"
London,1907232,Subscription CRM Marketing Executive - Hubspot,LIKELY_IN,family title is a strong inclusion signal,"£40k–£50,000",Sales & Marketing,"<p><strong>Subscription CRM Marketing Executive - Hubspot</strong></p> <p><strong>London - Hybrid</strong><br /><strong> Salary: £45,000-£50,000</strong><br /><strong> Hours: Monday-Friday, 9:00am-5:00pm</strong></p> <p>An established and growing B2B publishing and information business, operating since 2011 and specialising in the financial services sector.<br /> The business operates four specialist publications, alongside a subscription-based database product and a portfolio of industry events. With a team of around 45 people, the organisation has built a strong reputation within its specialist markets and has a long-standing, collaborative culture.<br /> The business is now investing furt"
London,1906545,BD & Marketing Manager 12m FTC,LIKELY_IN,family title is a strong inclusion signal,missing/unknown,Sales & Marketing,"<p></p> <p></p> <p>An exciting opportunity has arisen for an experienced Business Development & Marketing Manager to join a leading international law firm on a 12-month maternity cover contract. Working closely with partners across high-profile disputes and investigations practices, you'll play a key role in driving business growth, strengthening client relationships and delivering strategic marketing initiatives.</p> <p><strong>The Role</strong></p> <p>This is a varied and commercially focused position, combining strategic business development with hands-on execution. You'll support partners in identifying opportunities, winning new business and enhancing market profile across key practice "
London,1906116,Content Specialist,OUT_SALARY,"annualised salary exceeds £50,000",">£50,000 OUT",Sales & Marketing,"<p><strong>Content Specialist</strong></p> <p><strong>Contract:</strong> 6 Months (Outside IR35)<br /><strong>Rate:</strong> £300-£350 per day<br /><strong>Commitment:</strong> Part-time (2-3 days per week)<br /><strong>Location:</strong> Remote/Hybrid (UK-based)</p> <p>We're looking for an experienced Content Specialist to support the delivery of high-quality visual design, digital content and paid media campaigns for a globally recognised organisation operating in the education and social impact sector.</p> <p>This is an excellent opportunity for a creative and digitally savvy marketing professional who enjoys working across a variety of projects - from designing campaign assets and social"
London,1905943,"Social Media Content Executive - TikTok, CapCut Social Agency",LIKELY_IN,family title is a strong inclusion signal,missing/unknown,Sales & Marketing,"<p><strong>Social Content TikTok Instagram UGC Shooting & Editing Creative Concepts</strong></p> <p>Do you instinctively know what makes someone stop scrolling?</p> <p>Are you just as comfortable coming up with the creative idea as you are picking up your phone, shooting the content and editing the final asset?</p> <p>If you live and breathe social culture, love creating content and know how to turn a brand brief into something that feels genuinely native to TikTok and Instagram, we'd love to hear from you.</p> <p><strong>TSA</strong> is one of the UK's fastest-growing creator and social media agencies, partnering with brands including Jack Daniel's, De'Longhi, Kenwood and E.ON Next to creat"
London,1898951,Adobe Campaign Specialist,BORDERLINE,description-led family signal needs advert review,missing/unknown,Sales & Marketing,"<p><strong>Adobe Campaign Specialist</strong><br /> London Hybrid Contract </p> <p>This is an opportunity to join a high-profile digital marketing project, supporting the delivery and optimisation of customer communications through Adobe Campaign. You'll play a key role in enhancing campaign execution and helping drive engagement across a large, data-driven environment.</p> <p><strong>The Company</strong></p> <p>They are a well-established organisation with a significant digital customer base and a strong focus on data-driven marketing. Their marketing and CRM teams are investing in customer engagement capabilities and are seeking specialist Adobe Campaign expertise to support ongoing initia"
London,1898989,Digital Marketing Manager,OUT_SALARY,"annualised salary exceeds £50,000",">£50,000 OUT",Sales & Marketing,"<p><strong>Award Winning Luxury Developer - Digital Marketing Manager - £60,000-£70,000 - Central London - New & Growing Marketing Division</strong></p> <p>My clients in need of an experienced & accomplished Digital Marketing & MarTech specialist to build and direct the Global digital marketing ecosystem.</p> <p>The focus will be heavily Marketing-led, transforming their website, SEO/GEO and CRM/marketing automation</p> <p>This is a hands-on role, creative role with full ownership on a variety of digital campaigns</p> <p><strong>Ideally an ASAP Start!<br /></strong><br /><strong>Key requirements:</strong></p> <p>4+ years' experience in Digital Marketing within real estate or similar luxury f"
London,1899885,Marketing Manager,LIKELY_IN,family title is a strong inclusion signal,"£40k–£50,000",Sales & Marketing,"<p><strong>Marketing Manager</strong></p> <p>My client, a prestigious establishment within the education sector based near TW8, has an exciting opportunity to join their team as Marketing Manager. </p> <p>In this busy and varied role, you will develop and deliver strategic marketing campaigns, oversee digital marketing and print and coordinate content creation, ensuring a consistent and compelling brand presence across all channels.</p> <p>The successful candidate will be entitled to a salary of £40-50k, dependent on experience, as well as access to a benefits package and professional development. </p> <p><strong>The Role </strong></p> <ul> <li>Line manage the Marketing and CRM Executive and"
London,1899310,Digital Marketing Executive,LIKELY_IN,family title is a strong inclusion signal,£30k–£40k,Sales & Marketing,"<p><strong>Digital Marketing Executive</strong></p> <ul> <li>Annual Salary: £35K - £40K DOE</li> <li>Location: Croydon</li> <li>Job Type: Full-time</li> </ul> <p>We are seeking a proactive and creative Digital Marketing Executive to join our team. This role is ideal for someone who is passionate about digital marketing and looking to make a significant impact in driving our brand's online presence. The successful candidate will be responsible for developing and implementing digital marketing strategies to enhance our online visibility, engage with our audience, and boost our marketing efforts.</p> <p><strong>Day-to-day of the role:</strong></p> <ul> <li>Develop and execute digital marketing "
London,1896598,Marketing Executive,LIKELY_IN,family title is a strong inclusion signal,missing/unknown,Sales & Marketing,"<p><strong> Marketing Executive - Events</strong></p> <p><strong>£28,000 - £32,000 + Excellent Bonus + Excellent Benefits</strong></p> <p><strong>London</strong></p> <p>Leading independent media events business seeks a highly ambitious and talented marketing executive to join their fast-growing team.</p> <p>Our client delivers leading b2b events focused primarily on the Public Sector.</p> <p> <strong><em>Your Role:</em></strong></p> <p>This role will provide an excellent opportunity to develop your B2B direct marketing skills, using a mix of marketing methods, such as email, social media, partnerships, digital marketing, SEO, advertising and contra deals.</p> <p>Working in a fast-paced, fun "
London,1896347,Senior Copywriter & Content Marketing Manager,OUT_SALARY,"annualised salary exceeds £50,000",">£50,000 OUT",Sales & Marketing,"<p><strong>enior Copywriter & Content Marketing Manager:</strong></p> <p></p> <ul> <li>London Hybrid after probation Permanent.</li> <li>Circa £55,000-£60,000 (negotiable on experience) + excellent package + bonus.</li> </ul> <p></p> <p><strong>Overview for Senior Copywriter & Content Marketing Manager:</strong></p> <p></p> <p>Some brands sell a product. Our client sells a world - and every word that surrounds it has to earn its place.</p> <p></p> <p>We're partnering with a globally recognised leader in the Superyacht industry that sits right at the meeting point of craft and commercial strategy.</p> <p></p> <p>Part Senior Copywriter, part Content Marketing Manager, it owns the editorial voi"
London,1896425,Head of Integrated Marketing,OUT_SALARY,"annualised salary exceeds £50,000",">£50,000 OUT",Sales & Marketing,"<p><strong>Head of Digital Integrated Marketing</strong></p> <p><strong>West London</strong></p> <p><strong>£100K - £110K + Generous Bonus & fantastic benefits </strong></p> <p></p> <p></p> <p><strong>About the Role</strong></p> <p>We're seeking a dynamic Head of Digital Integrated Marketing to lead across Brand, Paid media and social media to drive the brand vision and strategy forward. You will work across a wide range of channels and agencies to drive the global experience!</p> <p></p> <p><strong>Key Responsibilities:</strong></p> <p> Define and execute paid media plans across channels (OHH, Print, Digital), aligned with brand goals and campaign objectives.</p> <p> Collaborate with 360 te"
London,1982312,Senior Digital Marketing Officer,LIKELY_IN,family title is a strong inclusion signal,missing/unknown,I.T. & Communications,"<p><strong>About the role</strong></p> <p>You'll plan, develop and deliver insight-driven paid digital marketing activity across Parkinson's UK's channels to reach, grow and engage key audiences. You'll also take a leading PPC role with our agency partner, using performance data to inform campaign planning, projections and optimisation.</p> <p>Working closely with the Digital Marketing Manager and teams across the charity, you'll bring your digital expertise to campaigns, championing test-and-learn, optimisation and best practice as we accelerate our digital growth.</p> <p><strong>What you'll do</strong></p> <ul> <li> <p>Plan, deliver and manage activity across platforms including (but not l"
London,1982310,Digital Marketing Executive,LIKELY_IN,family title is a strong inclusion signal,missing/unknown,I.T. & Communications,"<p><strong>Annual leave: </strong>33 days (plus eight bank holidays)</p> <p><strong>Benefits:</strong> </p> <ul> <li>enhanced maternity, paternity and adoption leave, and shared parental pay</li> <li>family-friendly policies</li> <li>8% employer pension contribution (Aviva)</li> <li>life assurance cover at 3 x annual salary</li> <li>health cashback plan (Medicash): employee cover plus up to four dependent children</li> <li>24/7 virtual GP access (UK registered), plus access to Best Doctors</li> <li>confidential employee assistance programme (Medicash)</li> <li>access to a wellbeing app</li> <li>flexible working options including hybrid working, flexible working patterns such as part-time, co"
Berkshire,1859762,Marketing Campaign Manager,BORDERLINE,title needs advert-context review,missing/unknown,Sales & Marketing,"<p>Are you an experienced campaign marketing professional who thrives on creating and delivering impactful multi-channel campaigns that drive customer engagement and commercial growth?</p> <p>Do you enjoy turning customer insights and market trends into strategic marketing activity while working with stakeholders across multiple business functions?</p> <p>Are you confident managing complex projects, optimising campaign performance, and using data to influence marketing decisions?</p> <p>If you can answer yes to the above questions, then this could be the <strong>PERFECT</strong> role for you!</p> <p><strong>Reed Marketing & Creative are currently working with a leading organisation who are l"
Berkshire,1858271,Digital Marketing Executive/Manager,LIKELY_IN,family title is a strong inclusion signal,£30k–£40k,Sales & Marketing,"<p><strong>Digital Marketing Executive/Manager</strong></p> <p><strong>Hybrid working</strong></p> <p><strong>Berkshire </strong></p> <p><strong>£30-40k</strong></p> <p><strong>VR/10548</strong></p> <p>A great opportunity has arisen for a skilled marketer to join an international organisational and be responsible for all marketing for the European office. The position will also work closely with the senior management team and Hong Kong head office.</p> <p>The Digital Marketing Executive / Manager will be responsible for developing, executing and overseeing all aspects of digital marketing campaigns.</p> <p><strong>Role and responsibilities:</strong></p> <ul> <li>Develop and implement a marke"
Berkshire,1873282,Content Marketing Executive,LIKELY_IN,family title is a strong inclusion signal,missing/unknown,Sales & Marketing,"<p><strong>Salary: Competitive</strong></p> <p>Hours: Monday- Friday 9am- 5:00pm </p> <p>At Grundon, we're looking for a creative, commercially minded Content Marketing Executive to join our eight strong Marketing team based in Colnbrook near Heathrow Airport. This is an opportunity for someone who knows how to turn a good idea into content that gets noticed, gets people talking and delivers results.</p> <p>By joining Grundon, your contributions will make a real difference as we work together to show the world that there is more to waste than it seems.</p> <p>This is a hands-on role where you'll take ownership from idea through to delivery, working across everything from websites, blogs and "
Berkshire,1900597,Senior Marketing Executive,LIKELY_IN,family title is a strong inclusion signal,missing/unknown,Sales & Marketing,"<p>An exciting opportunity has arisen for a Senior Marketing Executive in the hospitality sector. In this global role, the successful candidate would be responsible for the execution and optimisation of digital marketing, social media, and brand campaigns. This role will be based in Berkshire and provide hybrid working, 2 days per week in the office and 3 days from home.</p> <p><strong>Client Details</strong></p> <p>This role is with a company operating within the retail and hospitality segment, providing hybrid working opportunities.</p> <p><strong>Description</strong></p> <p>The successful Senior Marketing Executive will </p> <ul> <li>Develop and implement marketing campaigns to promote pr"
Berkshire,1941161,Marketing Manager,LIKELY_IN,family title is a strong inclusion signal,"£40k–£50,000",Sales & Marketing,"<p></p> <p>This Marketing Manager role is a hands-on, broad B2B marketing position supporting content creation, campaigns, events, social media, email marketing and partner initiatives while working closely with the Head of Marketing. It offers the opportunity to influence strategy, gain exposure to senior leadership, and help scale the marketing function within a growing AI-focused technology business</p> <p></p> <p></p> <p><strong>Client Details</strong></p> <p>A company operating in the Technology and IT industry, delivering technology solutions and services to its clients.</p> <p><strong>Description</strong></p> <p></p> <ul> <li>Create and manage marketing content including website copy,"
Berkshire,1960513,Marketing Officer,LIKELY_IN,family title is a strong inclusion signal,£30k–£40k,Sales & Marketing,"<p><strong>Marketing Officer</strong></p> <p>We have a fantastic new job opportunity for a self-motivated and purpose-driven individual with experience of direct marketing campaigns, campaign analysis, copywriting, supplier management and supporter engagement.</p> <p>If you've also worked in the following roles, we'd also like to hear from you: Fundraising Officer, Marketing Executive, Campaign Officer, Direct Marketing Officer, Fundraising Campaign Officer, Campaign Executive, Supporter Care Officer, Community Fundraiser, Marketing Campaign Executive, Fundraising Executive, Direct Marketing Executive, Fundraising Administrator</p> <p>The official title for this role is Single Gifts Campaign"
Berkshire,1959161,Marketing Assistant - 14 months fixed term,LIKELY_IN,family title is a strong inclusion signal,missing/unknown,Sales & Marketing,"<p>Techtronic Industries (TTI) is a world leader in cordless technology spanning power tools, accessories, hand tools, outdoor power equipment, as well as floorcare & cleaning products. Our focus is on end-users that range from professionals in the industrial, construction and infrastructure sectors to DIYers in home improvement, repair, and maintenance. TTI's powerful brand portfolio includes MILWAUKEE, RYOBI, AEG - recognized worldwide for their deep heritage and innovative product platforms of superior quality.</p> <p></p> <p>The company maintains a global manufacturing and product development footprint, with record world-wide sales of approximately US$15.2 billion and around 50,000 emplo"
Berkshire,1934363,Internal Communications & Marketing Executive,LIKELY_IN,family title is a strong inclusion signal,missing/unknown,Sales & Marketing,"<p><strong>Hours: Monday- Friday 9:00am-5:00pm </strong></p> <p>Salary: Competitive </p> <p>Are you looking for an exciting opportunity where your skills will shine and your ideas will shape the future?</p> <p>At Grundon, we are on the lookout for a dynamic, passionate, and driven Internal Communications & Marketing Executive to join our Marketing team based in Colnbrook.</p> <p>This is more than just a job, it's an opportunity to join a company that is here to show the world that there is more to waste than it seems. Here your contributions will make a real difference as we work towards our shared vision to unlock the potential of waste whilst we are dedicated to leaving a better planet for"
Berkshire,1909319,Senior Marketing Executive,LIKELY_IN,family title is a strong inclusion signal,£30k–£40k,Sales & Marketing,"<p>Are you a digitally focused marketer who enjoys delivering multi-channel campaigns that directly support business growth?</p> <p>Do you thrive in a fast-paced environment where you can manage a variety of marketing activities, from social media and email campaigns through to website content and product launches?</p> <p>Are you looking for an opportunity to join a growing international business where you can take ownership of impactful marketing projects?</p> <p>If you can answer yes to the above questions, then this could be the <strong>PERFECT</strong> role for you!</p> <p><strong>Reed Marketing & Creative</strong> are currently working with a well-established and growing international o"
Berkshire,1906179,Senior Account Manager - Experiential Marketing,BORDERLINE,mixed/ambiguous title requires advert-context review,"£40k–£50,000",Sales & Marketing,"<p>Senior Account Manager (12-Month FTC), Maidenhead / Hybrid - Up to £45,000 + Benefits</p> <p>We're looking for an experienced Senior Account Manager to join an award-winning experiential and brand experience agency on a 12-month fixed-term maternity cover.</p> <p>This is a fantastic opportunity for an agency-side experiential professional who combines excellent client relationship skills with a strong commercial mindset. You'll join a collaborative Client Development team, working with leading brands across experiential campaigns and smart mass sampling.</p> <p>As Senior Account Manager, you'll take ownership of existing client relationships, developing and growing accounts by identifying"
Berkshire,1896033,Marketing & Design Executive,BORDERLINE,description-led family signal needs advert review,missing/unknown,Sales & Marketing,"<p><strong>Marketing & Design Executive</strong><br /><strong>Langley, Berkshire Full-time Office-based</strong><br /> Are you a talented <strong>Graphic Designer with a strong marketing mindset</strong> who enjoys getting stuck into a wide variety of creative projects?<br /> An ambitious and growing UK product-led brand is looking for a <strong>Marketing & Design Executive</strong> to join its in-house team and take ownership of a broad range of creative and marketing activity.<br /> This is a genuinely <strong>hands-on role</strong> where you'll be responsible for producing high-quality work across print, digital, website content, product communications, point-of-sale and advertising.<br /"
Berkshire,1896031,Marketing Manager - B2B,OUT_SALARY,"annualised salary exceeds £50,000",">£50,000 OUT",Sales & Marketing,"<p>As the Demand Generation Marketing Manager / Marketing Manager - B2B you will lead demand generation activity to drive qualified pipeline, lead conversion and business growth. Working closely with sales and external partners, you'll deliver integrated campaigns, content and digital strategies that increase brand visibility, engagement and acquisition.</p> <p></p> <p><strong>Client Details</strong></p> <p>My client is growing financial services organisation that partners with businesses to provide funding, asset finance, fleet solutions and commercial lending products, helping them invest, grow and manage operations more effectively.</p> <p></p> <p><strong>Description</strong></p> <p>The M"
Surrey,1859700,Event and PR Manager,OUT_SALARY,"annualised salary exceeds £50,000",">£50,000 OUT",Sales & Marketing,"<p>The Events & PR Manager will lead European Events and PR activity, delivering audience-led programmes that engage media, influencers and consumers.</p> <p><strong>Client Details</strong></p> <p>Global consumer brand</p> <p><strong>Description</strong></p> <p>Working with the wider PR and Communications team, you will bring products to life that inspire audiences and maximise influence across Europe.</p> <ul> <li>Develop and deliver European launch plans, including PR media events, press communications and consumer experiences</li> <li>Create compelling launch assets, including press materials, presentations, photography and video.</li> <li>Support Europe in delivering exceptional media ex"
Surrey,1868775,Marketing Manager,OUT_SALARY,"annualised salary exceeds £50,000",">£50,000 OUT",Sales & Marketing,"<p><strong>Marketing Manager - Events</strong></p> <p><strong>£45,000 - £55,000 Base + Bonus</strong></p> <p><strong>Surrey</strong></p> <p><strong>Leading independent media events business seeks highly accomplished Events Marketing Manager to join their high growth business working across a portfolio of flagship Aviation Events!</strong></p> <p>As Events Marketing Manager, you will have complete bottom-line responsibility for creating and executing innovative, international marketing plans deploying online and offline direct marketing tactics.</p> <p>Focused on demand generation and driving leads along the sales funnel you will be working in collaboration with the Marketing Director, Managi"
Surrey,1902490,Marketing Assistant/Website Administrator,LIKELY_IN,family title is a strong inclusion signal,£25k–£30k,Sales & Marketing,"<p><b> Digital Marketing & Website Assistant </b> </p><p><b> Reigate, Surrey (hybrid) £30,000 Full-time, Monday-Friday, 8.45am-5pm (hybrid, post-probation) </b></p> <p> Our client is a well-established, multi-brand retailer based in Reigate, known for its strong digital presence across ecommerce and content-led marketing. As the business continues to grow across its brands, they're looking for a hands-on Digital Marketing & Website Assistant to join the marketing team. </p> <p> This is a brilliant opportunity for an early-career digital marketer who's confident across social, email and website platforms and wants to get stuck into a varied, creative role with real ownership. </p> <p><b> What"
Surrey,1905561,Digital Marketing Executive,LIKELY_IN,family title is a strong inclusion signal,£25k–£30k,Sales & Marketing,"<p><strong>Digital Marketing Executive</strong></p> <p><strong>Location:</strong> Guildford<br /><strong>Salary:</strong> £28,000-£32,000 per annum, depending on experience</p> <p></p> <p><strong>About the Role</strong></p> <p>An exciting opportunity has arisen for a Digital Marketing Executive to join a growing business based in Guildford. You'll join a fast-paced and collaborative marketing team, supporting the day-to-day delivery of digital content and campaigns across multiple platforms and helping to grow the company's online presence.</p> <p></p> <p><strong>Key Responsibilities</strong></p> <p>You'll support the Digital Marketing Manager across the day-to-day running of marketing activ"
Surrey,1932946,Social Media Influencer: Work From Home,OUT_SPECIALIST,specialist/senior title boundary,missing/unknown,Sales & Marketing,"<p>Interested in a way to dramatically increase your income from your followers? By leveraging our company's income plan and building client relationships you can generate a full-time income, working this on a part-time basis.</p> <p><strong>The Company</strong></p> <p>You will be working alongside the direct selling arm of a multi-billion-dollar company, established in 90+ countries having started in 1980.</p> <p><strong>Training and Support</strong></p> <p>A full training and support programme is well established, encompassing online, webinar and seminar trainings.</p> <p><strong>Skills/Experience</strong></p> <ul> <li>Good Social Media skills particularly Instagram, Facebook, X or TikTok<"
Surrey,1957292,Website and Marketing Assistant,LIKELY_IN,family title is a strong inclusion signal,missing/unknown,Sales & Marketing,"<p><strong>Digital Marketing & Website Assistant</strong></p> <p><strong>Hybrid Office-based</strong></p> <p><strong>Monday-Friday with 3 Days in the Office, 8:45am-5:00pm (30-minute lunch)</strong></p> <p><strong>Reigate</strong></p> <p><strong>Holding a Full UK Driving Licence with your own Car is Essential for this role. </strong></p> <p>Lloyd Recruitment Services are looking for a hands-on Digital Marketing & Website Assistant to join our successful clients team and support their digital marketing activity. You will work across email marketing, ecommerce, websites, social media and content creation, with plenty of opportunity to get involved and make an impact. </p> <p><strong>Key respon"
Surrey,1945788,CRM Executive,BORDERLINE,description-led family signal needs advert review,£30k–£40k,Sales & Marketing,"<p><strong>CRM Marketing Executive</strong></p> <p><strong>Location: Guildford</strong></p> <p><strong>Salary: £30,000 - £38,000</strong></p> <p><strong>Permanent Full-time - fully office-based</strong></p> <p>We are looking for an experienced <strong>CRM Marketing Executive</strong> to join a growing eCommerce team in Guildford.</p> <p>This is a hands-on role with a strong focus on <strong>CRM, email marketing, customer journeys and commercial analysis</strong>. You'll be responsible for managing customer communications across multiple eCommerce websites and brands, with the aim of increasing customer engagement, retention and revenue.</p> <p>It's an ideal opportunity for someone who enjoys"
Surrey,1936145,Part-Time Marketing Manager,LIKELY_IN,family title is a strong inclusion signal,missing/unknown,Sales & Marketing,"<p>A rare job share opportunity for a Marketing Manager to work in the UK office of an international company with offices located within easy reach of Surrey/North Hampshire/London.</p> <p>The role requires the successful candidate to work 22.5 hours per week, flexible over full days or part days.</p> <p><strong>Marketing Manager Benefits and Package:</strong></p> <ul> <li>Working 22.5 hours per week</li> <li>Free Parking</li> <li>Discretionary Bonus Scheme</li> <li>Company Pension Scheme</li> <li>Salary Sacrifice Car Scheme</li> <li>Death In Service</li> <li>Mobile</li> <li>Laptop</li> </ul> <p><strong>Marketing Manager Key Responsibilities and Accountabilities:</strong></p> <ul> <li>Respon"
Surrey,1914960,Brand Marketing Assistant,LIKELY_IN,family title is a strong inclusion signal,missing/unknown,Sales & Marketing,"<p><strong>Hiring due to a period of extended growth </strong></p> <p>Would you be excited by the opportunity to work with an internationally recognised premium brand within a global marketing team?</p> <p>The role would suit an organised and creative individual with previous experience within Marketing, who is looking to develop their career within a global brand environment.</p> <p>You will support a wide range of activities including <strong>content creation, product launches, trade shows, market research and international marketing campaigns</strong>.</p> <p>The successful candidate will have excellent attention to detail, strong organisational skills and a proactive, can-do approach. <s"
Surrey,1909852,Graduate Social Media Executive,LIKELY_IN,family title is a strong inclusion signal,£30k–£40k,Sales & Marketing,"<p><strong>Social Media Executive</strong></p> <p>Our client is looking for a Social Media Executive to support their growing business.</p> <p>This is a varied role involving content, social media activity, creative ideas, and day-to-day project support. You'll help develop engaging content, identify new ideas, and support the delivery of social media activity across the business.</p> <p><strong>Key Responsibilities</strong></p> <ul> <li>Support the development of social media content and ideas</li> <li>Assist with planning and organising content</li> <li>Develop creative ideas for social media activity</li> <li>Work with colleagues on creative projects</li> <li>Help manage multiple pieces o"
Surrey,1906072,Marketing Manager,OUT_SALARY,"annualised salary exceeds £50,000",">£50,000 OUT",Sales & Marketing,"<p><strong>Marketing Manager - Part Time</strong></p> <p><strong>Weybridge Part Time £50k- £60k pa + £5k bonus pro rata</strong></p> <p>Are you an experienced marketer looking for a part-time role where you can genuinely take ownership?</p> <p>We're recruiting for an established organisation within the healthcare sector, looking for a hands-on Marketing Manager to help shape and deliver marketing activity across its UK business.</p> <p>This is a broad, varied role combining digital marketing, content, ecommerce, events and campaign management. You'll be involved from planning through to delivery, working closely with the wider UK team as well as international colleagues.</p> <p><strong>What "
Surrey,1899211,Brand Ambassador,BORDERLINE,description-led family signal needs advert review,missing/unknown,Sales & Marketing,"<p>Brand Ambassador</p> <p><strong>NHS Supply Chain: Food Foodbuy</strong><br /><strong>Field Based / Mobile UK Travel Required</strong></p> <p> Be the Face and Voice of NHS Supply Chain: Food </p><p></p> <p>Foodbuy is one of the UK's leading food procurement organisations, managing over £2bn of spend and supporting a diverse range of clients through market-leading procurement solutions. As part of Compass Group UK & Ireland, we combine scale, expertise and innovation to deliver outstanding value, insight and service.</p> <p>At NHS Supply Chain: Food, we put the NHS at the heart of everything we do. Through trusted partnerships, procurement expertise and a deep understanding of healthcare ca"
Surrey,1961478,Digital Marketing Executive,LIKELY_IN,family title is a strong inclusion signal,missing/unknown,I.T. & Communications,"<p><strong>Digital Marketing Executive</strong></p> <p><strong>Up to £27,000 + excellent benefits</strong></p> <p><strong>Leatherhead, Surrey</strong></p> <p>Join Rainbow Trust Children's Charity and play a vital role in ensuring our teams can support families facing the unimaginable, helping us make a real difference.</p> <p>We are looking to appoint a Digital Marketing Executive to support lead generation, acquisition and stewardship through digital channels, and to grow engagement and donations from Rainbow Trust's supporters.</p> <p><strong>About the role:</strong></p> <p>Reporting to the Digital marketing Manager, you will be responsible for coordinating and maximising digital channels "
Oxfordshire,1859419,Marketing Manager,LIKELY_IN,family title is a strong inclusion signal,£30k–£40k,Sales & Marketing,"<p>Are you a creative marketing professional ready to drive campaigns and protect brand excellence? <strong>Abingdon School</strong> has an exciting <strong>Marketing Manager</strong> opportunity!</p> <p></p> <p>Location: Park Road, Abingdon, Oxfordshire, OX14 1DE</p> <p>Salary: £30,950 to £37,259 per annum</p> <p>Job Type: Fixed Term Contract (one year, covering maternity leave from November 2026)</p> <p>Hours: 40 hours per week, Monday to Friday (08:30 to 17:00)</p> <p>Closing Date: 23 September 2026 (midday)</p> <p></p> <p><strong>About Us:</strong></p> <p></p> <p>The Foundation comprises two schools: Abingdon School and Abingdon Prep School, as well as Abingdon School Enterprises. Abingd"
Oxfordshire,1873114,Junior PR Account Manager,BORDERLINE,title needs advert-context review,£30k–£40k,Sales & Marketing,"<p><strong>PR Senior Account Executive / Junior Account Manager</strong> </p><p></p> <p>Location: Milton Keynes (Mainly Remote)</p> <p> £30,000-£32,000</p> <p>I'm partnering with a fantastic, growing PR & communications agency to find their next standout SAE/JAM. At The Independent Recruiter, I work closely with businesses who value trust, quality, and long-term relationships and this agency is exactly that.</p> <p></p> <p> If you're confident with clients, strong on content, and ready to take ownership of campaigns, this role offers the perfect next step in a supportive, ambitious environment.</p> <p><strong>What You'll Be Doing</strong> </p><ul> <li>Acting as the day-to-day client contact "
Oxfordshire,1868389,Content Creator,LIKELY_IN,family title is a strong inclusion signal,£30k–£40k,Sales & Marketing,"<p>Are you a creative visual storyteller with a passion for capturing authentic moments? <strong>Abingdon School</strong> has an exciting <strong>Content Creator</strong> opportunity!</p> <p></p> <p>Location: Park Road, Abingdon, Oxfordshire, OX14 1DE</p> <p>Salary: £30,393 to £33,504 per annum</p> <p>Job Type: Permanent, Full-time</p> <p>Hours: 40 hours per week, Monday to Friday (08:30 to 17:00, with 30 minutes unpaid lunch)</p> <p>Closing Date: 23 September 2026 (9am)</p> <p></p> <p><strong>About Us:</strong></p> <p></p> <p>The Foundation comprises two schools: Abingdon School and Abingdon Prep School, as well as Abingdon School Enterprises. Abingdon School is a leading independent day an"
Oxfordshire,1883696,"Digital Marketing Executive, Meta Ads, Google Ads, Oxford, COR7681",LIKELY_IN,family title is a strong inclusion signal,missing/unknown,Sales & Marketing,"<p><strong>Digital Marketing Executive, Meta Ads, Google Ads, Oxford, COR7681</strong></p> <p>A Digital Marketing Executive opportunity has arisen with a growing startup in the South East of England. If you are looking to take ownership of paid digital campaigns in a fast-moving, entrepreneurial environment where your work makes a visible impact, could this be the role for you?</p> <p><strong>The Role</strong></p> <p>The Digital Marketing Executive will be responsible for planning, managing and optimising paid advertising campaigns across both Meta and Google Ads platforms. You will take the lead on day-to-day campaign activity, monitoring performance and making data-led adjustments to impro"
Oxfordshire,1903912,Head of Marketing,OUT_SPECIALIST,specialist/senior title boundary,missing/unknown,Sales & Marketing,"<p><strong>Head of Marketing </strong></p> <p><strong>B2B Background Required</strong></p> <p><strong>Oxford (Hybrid)</strong></p> <p><strong>Up to £60k + Bonus </strong></p> <p></p> <p><em>My client is an international business across research & events, through expansion a hands-on leadership role has arisen for a Head of Marketing.</em></p> <p></p> <p>Role Responsibilities:</p> <p>• Build integrated, multichannel campaign plans, across email, social, web and paid.</p> <p>• Connect Automation, Brand & Content and Design teams around shared plans, so everyone </p> <p>• Partner with the event teams to align marketing activity with each event's goals and key milestones.</p> <p>• Drive delivery"
Oxfordshire,1940167,Digital Marketing Executive,LIKELY_IN,family title is a strong inclusion signal,missing/unknown,Sales & Marketing,"<p>As a Digital Marketing Executive near Witney, you'll play an essential role in supporting the marketing team within the manufacturing industry majorly by email marketing. This position ensures the smooth execution of marketing activities, helping to enhance the company's digital presence and drive its objectives forward.</p> <p><strong>Client Details</strong></p> <p>My client is a well-established company within the manufacturing industry based near Witney, recognised for its structured processes and efficient operations. As a mid-sized organisation, they are dedicated to maintaining high-quality standards in their field.</p> <p><strong>Description</strong></p> <p>Key responsibilities of "
Oxfordshire,1950414,Marketing Executive,LIKELY_IN,family title is a strong inclusion signal,missing/unknown,Sales & Marketing,"<p><strong>Marketing Executive<br /></strong><br /><strong>Hybrid Full Time Permanent<br /></strong><br /><strong>About the Employer</strong><br /> An established UK technology business providing IT infrastructure, data protection, disaster recovery and enterprise technology solutions to organisations across a range of sectors. Working closely with leading global technology vendors, the company combines specialist technical expertise with long-standing industry experience to help customers protect, manage and modernise business-critical IT environments.<br /><strong>The Role</strong><br /> An exciting opportunity has arisen for a hands-on Marketing Executive to join a growing B2B technology "
Oxfordshire,1970218,Church Engagement Manager,BORDERLINE,description-led family signal needs advert review,"£40k–£50,000",Sales & Marketing,"<p>Are you an experienced, skilled and passionate Christian fundraiser and relationship-builder who is experienced in engaging with UK churches, dioceses and other supporters? Can you inspire and persuade both existing and potential key supporters to partner with Church Mission Society and drive our mission with significant financial support - to help people at the edges discover and follow Jesus? </p> <p>CMS is a dynamic Christian mission with a three-year plan to significantly increase income to fund contextual mission programmes worldwide. We are seeking a Church Engagement Manager who is passionate about Jesus and who can seize the funding opportunity that will enable CMS to grow.</p> <p"
Oxfordshire,1972436,Digital Marketing Manager,LIKELY_IN,family title is a strong inclusion signal,"£40k–£50,000",I.T. & Communications,"<p>Are you a digital dynamo who wants to use your expertise to help people at the edges encounter and follow Jesus? Can you radically advance our digital acquisition, help us hone our conversion journeys and persuade people to be part of God's mission through CMS? Are you ready to manage a small, nimble team of talented, creative, passionate people? Then apply to be our new digital marketing manager.</p> <p> </p> <p><strong>Ø </strong><strong>Permanent, full time: 35 hours per week.</strong></p> <p>Ø <strong>Hybrid working: </strong>two days a week at CMS House, Oxford.</p> <p><strong>Ø </strong><strong>Starting salary of £42,840 per annum with a generous pension contribution: up to 10 per c"
Essex,1860176,E-commerce Assistant,LIKELY_IN,family title is a strong inclusion signal,<£25k,Sales & Marketing,"<p><strong>Job Title:</strong> E-commerce Assistant</p> <p><strong>Location:</strong> Chelmsford - Rural location own transport needed</p> <p><strong>Job Type:</strong> Temporary to Permanent</p> <p><strong>Hours:</strong> Full Time - Monday-Friday - 8AM-5PM</p> <p><strong>Salary:</strong> £12.71 per hour + dependent on experience</p> <p>We are seeking a highly motivated and detail-oriented E-commerce Assistant to join our team. This role is integral to our operations and involves close collaboration with operations, the content team, the quality team, and the wider marketing team. This position offers a unique blend of outdoor and indoor responsibilities, providing an exciting opportunity f"
Essex,1806934,Digital Marketing & Social Media Executive,LIKELY_IN,family title is a strong inclusion signal,£30k–£40k,Advert / Media / Entertainment,"<p>An opportunity is available for a creative and organised <strong>Digital Marketing & Social Media Executive</strong> to join a busy marketing team in Chelmsford, working across a range of property-related brands and digital channels. Previous experience of having worked in the property industry is preferred.<strong> </strong></p> <p><strong>Worth Recruiting - Property Industry Recruitment</strong></p> <p><strong>Job Title: </strong><strong>Digital Marketing & Social Media Executive</strong></p> <p><strong>Sector: Residential Property Company</strong></p> <p><strong>Location: Chelmsford, CM2</strong></p> <p><strong>Salary: £36,000 per annum</strong></p> <p><strong>Position: Permanent, Full"
Essex,1877354,Social Media Manager,LIKELY_IN,family title is a strong inclusion signal,missing/unknown,Sales & Marketing,"<p></p> <p><strong>Social Media Manager - Fashion Brand</strong></p> <p>We are partnered with a fast-growing UK fashion retailer known for its trend-led, affordable collections and strong digital presence. With a loyal customer base, frequent new launches and continued investment in ecommerce and customer experience, the business has established itself as a leading name in accessible fashion. </p> <p>The Role: </p> <p>This is a unique opportunity for a <strong>Social Media Manager</strong> to take ownership of the entire social media function for an exciting and growing fashion brand. You will be responsible for developing and delivering a multi-platform social media strategy, building a con"
Essex,1916140,Marketing Executive (Content Creation / Adobe Creative Suite),LIKELY_IN,family title is a strong inclusion signal,£30k–£40k,Sales & Marketing,"<p><strong>Marketing Executive (Content Creation / Adobe Creative Suite)<br /> £35,000 - £40,000 + Progression + Training + Hybrid + Benefits<br /> Grays, Essex</strong></p> <p>Are you a Marketing Executive or similar with a background in Adobe Creative Suite, looking for a varied and exciting role where no two days will be the same, offering training opportunities and courses to become a well-rounded expert Marketer?</p> <p>In this role you will be responsible for creating digital and physical marketing material such as banners, flyers, stickers and branding for a group of 20 separate businesses. You'll also be editing videos, scheduling content and writing blog posts that are search engine"
Essex,1950495,Marketing Executive,OUT_SALARY,"annualised salary exceeds £50,000",">£50,000 OUT",Sales & Marketing,"<p><strong>Marketing Executive</strong></p> <p><strong>Chelmsford £28,000 - £35,000 DOE 4-day working week</strong></p> <p>Are you a creative and organised marketer looking for a role where you can really get involved and make a difference?</p> <p>We're working with an established business in Chelmsford that is looking for a <strong>Marketing Executive</strong> to join its team. This is a varied, hands-on role where you'll have the opportunity to take ownership of a wide range of marketing activity and help develop the company's brand and communications.</p> <p>You'll be involved in everything from creating engaging content and managing social media, through to website updates, marketing cam"
Essex,1906535,Digital Marketing Manager,LIKELY_IN,family title is a strong inclusion signal,£30k–£40k,Sales & Marketing,"<p><strong>Digital Marketing Manager</strong></p> <p><strong>Salary:</strong> £30,000 to £40,000 DOE <br><strong>Location:</strong> Leigh-on-Sea, Essex<br><strong>Working pattern:</strong> Full-time, Hybrid, 3 days in Studio/Office.</p> <p><strong>About the Role</strong></p> <p>We're looking for an experienced, hands-on <strong>Digital Marketing Manager</strong> to join our creative agency and work across a varied portfolio of clients.</p> <p>The core of the role is <strong>SEO and Google Ads</strong>, so you'll need strong practical experience delivering, managing and optimising organic and paid search performance.</p> <p>You'll also manage website content through <strong>WordPress</strong>"
Essex,1897449,Social Media & Content Creator,LIKELY_IN,family title is a strong inclusion signal,missing/unknown,Sales & Marketing,"<p><strong>Job Title:</strong> Social Media & Content Creator</p> <p><strong>Location: </strong>Harlow, Essex - Office & site based</p> <p><strong>Salary: </strong>£28k - £35k Depending on Experience</p> <p><strong>Job Type: </strong>Permanent, Full</p> <p><strong>About us</strong></p> <p>SheaWorks is a fast-growing, family-run electrical and building services contractor working with some of the UK's leading property, managing agent and commercial organisations.</p> <p>We are looking for a confident, creative and outgoing Social Media & Content Creator to join our team full-time.</p> <p>We don't want corporate, boring social media.</p> <p>We want someone who can capture the real personality "
