feed_date,decision,region,title,town,salary_text,working_arrangement,working_arrangement_text,working_arrangement_evidence,manual_override,manual_select,job_id
2026-07-26,SELECTED,Yorkshire - West,Administrator/PA,Leeds,£27000 - £30000 per year,hybrid,Hybrid working,"As an Administrator/PA your duties will include: - Manage the administration processes - Diary management - Organising meetings and events - Assist with financial and billing processes - Build effective working relationships within the team As an Administrator/PA you will have the following skills: - Previous Administration experience - Highly organised - Strong attention to detail - Proficient on Microsoft Office - Excellent communication skills Administrator/PA Leeds City Centre/Hybrid Working £27,000-£30,000 Permanent Due to the high volume of CV's we receive we are unable to respond to all applications.",,,fdbb2948-fc07-4b1f-9d12-2c22fbf7026c
2026-07-26,SELECTED,Yorkshire - West,Processing Administrator,Leeds,£26500 - £28000 per year,onsite_or_not_stated,,,,,f2480c5c-88cd-470d-8c28-1bc7c9d54fc6
2026-07-26,SELECTED,Yorkshire - West,Administrator,Wetherby,£25000 - £30000 per year,onsite_or_not_stated,,,,,ee65174c-e42b-4e39-a9db-247484fc9d98
2026-07-26,SELECTED,Yorkshire - West,Order Processing Administrator,Brighouse,£26000 - £28000 per year,onsite_or_not_stated,,,,,ecb4faa6-e482-415c-87f8-62316f136ede
2026-07-26,SELECTED,Yorkshire - West,Training Administrator,Wakefield,£28000 per year,hybrid,Hybrid working,"Training Administrator Training Administrator Salary £28,000 Location Wakefield Full time 37.5 hours per week Hybrid 1 day per week Benefits - Additional leave, Company events, Cycle to work scheme, Life insurance, On-site parking, Paid volunteer time, Store discount Job description:The Company My client is an Electrical & Renewables Training Provider and an energy training specialist committed to supporting a sustainable future.Their mission is to change the lives of learners by delivering high-quality training that builds skills, confidence and career opportunities in the energy sector.Supporting people is a number one priority for my client.",,,ec7feb52-2bda-4ed0-8836-f88b515b60ff
2026-07-26,SELECTED,Yorkshire - West,Team Administrator - 6 months FTC,Leeds,£26000 - £27000 per year,hybrid,Hybrid working,"Why Apply? - Join a global, employee-owned business with a collaborative culture. - Enjoy hybrid and flexible working arrangements. - Work in a varied role where no two days are the same. - Support senior stakeholders while building strong relationships across the region. - Be part of a team that values wellbeing, family-friendly policies and practical support.",,,eb010ba3-32d8-4d46-a7b0-2d7cd220bba2
2026-07-26,SELECTED,Yorkshire - West,Sales Administrator,Bradford,£12.71 - £13 per hour,onsite_or_not_stated,,,,,e8f86b79-e4d1-4340-82f5-63688544a56d
2026-07-26,SELECTED,Yorkshire - West,Care Coordinator,Leeds,£28000 per year,onsite_or_not_stated,,,,,e378cd98-a660-49aa-a224-5d09b2803760
2026-07-26,SELECTED,Yorkshire - West,Business Support Officer,Huddersfield,£13.26 per hour,onsite_or_not_stated,,,,,cb3b00ca-e400-4064-83a5-56aee71d0c99
2026-07-26,SELECTED,Yorkshire - West,Business Support Officer,Wakefield,£13.69 per hour,onsite_or_not_stated,,,,,ae8b96b9-a0e7-47a7-ba6e-d75116aa2d0c
2026-07-26,SELECTED,Yorkshire - West,Breakdown Administrator (Weekends),Elland,,onsite_or_not_stated,,,,,a9053bb0-4c72-4080-a817-eee75d822de2
2026-07-26,SELECTED,Yorkshire - West,Team Administrator - School Hours,Leeds,£29000 per year,onsite_or_not_stated,,,,,93e46441-7a59-41a4-aa83-5e8fa103f15f
2026-07-26,SELECTED,Yorkshire - West,Team Administrator - Parking on Site,Leeds,£29000 per year,onsite_or_not_stated,,,,,697d8570-8149-49c8-ae90-0c06b6888f2c
2026-07-26,SELECTED,Yorkshire - West,Junior Office Administrator,Wakefield,£12.7 - £13 per hour,onsite_or_not_stated,,,,,6415e3f2-97a6-4926-89a2-49e1a07dd954
2026-07-26,SELECTED,Yorkshire - West,Insurance Broking Accounts Administrator (I-REC),Leeds,,onsite_or_not_stated,,,,,5f121748-e727-4979-aa7a-0b9415ecac70
2026-07-26,SELECTED,Yorkshire - West,Team Administrator - Wetherby,Wetherby,£28000 - £30000 per year,onsite_or_not_stated,,,,,59c568c5-9505-4496-9dac-1f4ae2686b6a
2026-07-26,SELECTED,Yorkshire - West,Temporary Finance Administrator - Education,Bradford,£13.5 per hour,onsite_or_not_stated,,,,,ec237c2a-3320-4238-a950-1ee708174fdc
2026-07-26,SELECTED,Yorkshire - West,Sales Administrator,Shipley,£26000 - £30000 per year,onsite_or_not_stated,,,,,92947bbe-5ad0-443d-9145-e950a49ec9b2
2026-07-26,POSS - YORKSHIRE - WEST,Yorkshire - West,Data Protection Administrator,Leeds,£200 - £220 per daily,onsite_or_not_stated,,,,,ffb0d3a3-4804-45f1-8764-5943838d9003
2026-07-26,POSS - YORKSHIRE - WEST,Yorkshire - West,Sales Administrator,Leeds,£30000 - £35000 per year,onsite_or_not_stated,,,,,923ff7b8-d100-40e6-9225-40ec500144b4
2026-07-26,SELECTED,Yorkshire - South,Recruitment Onsite Operations Coordinator,Barnsley,£26000 per year,onsite_or_not_stated,,,,,107606837
2026-07-26,SELECTED,Yorkshire - South,Care Coordinator,Doncaster,£27000 - £32000 per year,onsite_or_not_stated,,,,,e6f22f9e-863e-47ab-a1eb-3daa4dac192a
2026-07-26,SELECTED,Yorkshire - South,Financial Services Administrator,Sheffield,£27000 - £30000 per year,onsite_or_not_stated,,,,,d5ecf20b-c42e-498c-8015-1ebfe4d0511c
2026-07-26,SELECTED,Yorkshire - South,Temporary Receptionist - Automotive Industry!,Sheffield,£12.71 per hour,onsite_or_not_stated,,,,,c30c8b9f-2d5e-48b1-88c4-de9afc0084a2
2026-07-26,SELECTED,Yorkshire - South,Customer Service Admin,Rotherham,£26000 - £29000 per year,onsite_or_not_stated,,,,,b6d59678-9609-4c19-acf3-5559db81c9e9
2026-07-26,SELECTED,Yorkshire - South,Sales Administrator,Sheffield,£26000 - £27000 per year,onsite_or_not_stated,,,,,6c89e2d9-e831-4f2b-b050-ecd61ea03caf
2026-07-26,SELECTED,Yorkshire - South,Import / Export Administrator,Sheffield,£28000 - £30000 per year,onsite_or_not_stated,,,,,a526338b-ed95-47c7-889c-44b5c4aff404
2026-07-26,SELECTED,Yorkshire - South,Receptionist / Facilities Coordinator,Barnsley,£25000 - £30000 per year,onsite_or_not_stated,,,,,3210a914-2c99-4b6c-870b-c2001651b931
2026-07-26,SELECTED,Yorkshire - South,Client Care Coordinator,Rotherham,,hybrid,Hybrid working,"After 5 months onsite, you'll have the option to move into hybrid working.",,,1582211
2026-07-26,SELECTED,Yorkshire - South,Workplace Operations Coordinator,Sheffield,£30000 per year,onsite_or_not_stated,,,,,107668923
2026-07-26,POSS - YORKSHIRE - SOUTH,Yorkshire - South,Medical Secretary with General Practice Experience,Sheffield,£15 - £22 per hour,onsite_or_not_stated,,,,,bd1d91d2-2e07-40a8-9078-33295fc0d5c0
2026-07-26,POSS - YORKSHIRE - SOUTH,Yorkshire - South,Financial Services Administrator,Sheffield,£22000 - £35000 per year,onsite_or_not_stated,,,,,61874f47-6de5-49db-beac-564013ba9a95
2026-07-26,POSS - YORKSHIRE - SOUTH,Yorkshire - South,Site Administrator,Sheffield,£15 - £16 per hour,onsite_or_not_stated,,,,,8ab72ad1-ff72-4ee5-9737-c67201f3c0fd
2026-07-26,POSS - YORKSHIRE - SOUTH,Yorkshire - South,Health Hub Coordinator,Sheffield,£40000 per year,onsite_or_not_stated,,,,,107667796
2026-07-26,SELECTED,North East,Temporary Corporate Receptionist (Ad hoc) - Newcastle,Newcastle Upon Tyne,£13.5 per hour,onsite_or_not_stated,,,,,e3bdd7d7-6c0c-4560-b09b-d1a92c08dad9
2026-07-26,SELECTED,North East,Temporary Part-Time Administrator Gosforth,Newcastle Upon Tyne,£13 per hour,onsite_or_not_stated,,,,,b4f34caf-8e57-4de7-b837-f8ab75aebf4a
2026-07-26,SELECTED,North East,Internal Sales Administrator,Spennymoor,,onsite_or_not_stated,,,,,9965df1d-32cb-4cf0-a560-90fa51eaf71a
2026-07-26,SELECTED,North East,HR Administrator - Gateshead - Permanent,Gateshead,£28000 per year,onsite_or_not_stated,,,,,9307e3ea-1077-4140-9bc7-281fbfc59147
2026-07-26,SELECTED,North East,Sales Administrator,Darlington,£13.75 per hour,onsite_or_not_stated,,,,,8b01429e-cff6-4954-b0b1-cf096be4838b
2026-07-26,SELECTED,North East,Sales Administrator,County Durham,£24000 - £25350 per year,onsite_or_not_stated,,,,,d013f62d-f6a6-48c5-96a3-5c918b628dec
2026-07-26,SELECTED,North East,Temporary Administrator - Immediate start,Hartlepool,£12.71 per hour,onsite_or_not_stated,,,,,706dc61c-8f20-469d-bd69-d82307430cf1
2026-07-26,SELECTED,North East,Customer Service Administrator,Bishop Auckland,£26000 - £28000 per year,onsite_or_not_stated,,,,,5b8db6c3-53b1-40ed-a126-ba66f16e0993
2026-07-26,SELECTED,North East,Clerical Officer,Hartlepool,£19196 per year,hybrid,Hybrid working,The induction period is office based for 6 weeks with hybrid working available thereafter.,,,16501b8c-5a8e-47e1-8cf5-81f01f8565d4
2026-07-26,SELECTED,North East,Purchasing Administrator,Cramlington,,onsite_or_not_stated,,,,,e7a9b51c-2698-4fde-9c96-5700106868e5
2026-07-26,SELECTED,North East,Recruitment Administrator,County Durham,£13.45 per hour,onsite_or_not_stated,,,,,10af0cab-4a1d-40ab-9ce7-e85f5467bf1e
2026-07-26,POSS - NORTH EAST,North East,Administrator,Newcastle,£50000 - £65000 per year,onsite_or_not_stated,,,,,ee7d7ed3-ca3e-4a0b-b7b1-dee607fdb33a
2026-07-26,SELECTED,London,People & Culture Administrator,London,£27500 - £29187 per year,hybrid,2 office days per week,"People & Culture Administrator People & Culture Administrator Location: East Croydon (Hybrid - 2 days per week in the office)Contract: Part-time (4 days), Permanent Salary: £27,500 - £29,187 per annum fulltime Please note: This post is open to female applicants only, as this is a genuine occupational requirement under the Equality Act 2010.The Opportunity An exciting opportunity for an experienced, organised, and values-driven People & Culture Administrator to join a dedicated team.",,,de18dc84-cb43-4743-99f6-a3d16e406cc7
2026-07-26,SELECTED,London,Primary School Administrator,London,£16 per hour,onsite_or_not_stated,,,,,5140fecd-b98a-4d9d-b35d-44c239c1d48a
2026-07-26,SELECTED,London,Patient Coordinator,London,£28000 - £35000 per year,onsite_or_not_stated,,,,,ae8f6386-56f4-4fe2-b1dd-c734c98e586a
2026-07-26,SELECTED,London,Company Secretary Assistant,London,,hybrid,Hybrid working,"Company Secretary Assistant Company Secretary Assistant London Hybrid Are you looking to take ownership of your own client portfolio within a collaborative, high-performing corporate team?",,,a28c6112-4b4f-46b0-91e7-cfaa547c936e
2026-07-26,SELECTED,London,Part Time - Accounts Administrator,New Malden,£17000 - £17500 per year,onsite_or_not_stated,,,,,7ea819ef-37a5-4bc9-ac6b-04b786a3e75e
2026-07-26,SELECTED,London,Shipping Administration Coordinator,London,£30000 - £35000 per year,onsite_or_not_stated,,,,,4b95051a-1afd-4f79-8df6-17d52006246e
2026-07-26,SELECTED,London,Part-Time Admissions & Attendance Administrator,London,£15 - £20 per hour,onsite_or_not_stated,,,,,2cde9d2c-e5a1-48b3-a74e-db97f135c4b7
2026-07-26,SELECTED,London,School Administrator,Romford,£100 - £120 per daily,onsite_or_not_stated,,,,,bc188a0d-61e8-4f3a-af5c-6dc45fc8784e
2026-07-26,SELECTED,London,School Administrator - Waltham Forest,London,£115 - £120 per daily,onsite_or_not_stated,,,,,3611009d-3fea-4842-8e37-7ec4b9b40d79
2026-07-26,SELECTED,London,School Receptionist Administrator - Brent,London,£15 per hour,onsite_or_not_stated,,,,,58cebb71-ca4f-4009-a45e-ab8f18ae3f0f
2026-07-26,SELECTED,London,Business Support Administrator,Ilford,£106.56 per daily,onsite_or_not_stated,,,,,fde75564-077e-43bf-95db-8ac20a22def2
2026-07-26,SELECTED,London,Administrator,Feltham,£28000 per year,onsite_or_not_stated,,,,,fa86a8ff-8d90-4867-9253-90c87a724dd7
2026-07-26,SELECTED,London,Care Coordinator,London,£28000 - £35000 per year,onsite_or_not_stated,,,,,f9f87ff6-84cf-43ac-bd6b-70599a386639
2026-07-26,SELECTED,London,Receptionist Administrator,London,£28000 per year,onsite_or_not_stated,,,,,f023e0ee-2973-4539-a1f2-8a244e002010
2026-07-26,SELECTED,London,Office Assistant,London,£27000 per year,onsite_or_not_stated,,,,,ecb98ea7-06cb-4f80-8944-c1441ce7857d
2026-07-26,SELECTED,London,Internal Communications & Executive Coordinator,London,,onsite_or_not_stated,,,,,107663038
2026-07-26,SELECTED,London,Customer Support Administrator,Uxbridge,£25000 per year,onsite_or_not_stated,,,,,e2dfa737-ca4a-41e0-a227-f26b4d5c5b40
2026-07-26,SELECTED,London,Administrator Bank and Part time Canary Wharf 32 hours per week,London,£12.71 - £13.71 per hour,onsite_or_not_stated,,,,,e2b840d1-3c78-4ab9-aae7-f5337f647327
2026-07-26,SELECTED,London,Trainee Office administrator,Barking,£25500 per year,onsite_or_not_stated,,,,,db4a4325-f547-40fe-ad60-7060b5e64e79
2026-07-26,SELECTED,London,Secretary,London,£35000 per year,onsite_or_not_stated,,,,,d301bdd5-5c16-4b18-aab4-0b62c66574b6
2026-07-26,SELECTED,London,Office Administrator,London,£25000 - £28000 per year,onsite_or_not_stated,,,,,cbdbea8e-f34a-48fe-a333-d2077254df76
2026-07-26,SELECTED,London,Entry Level Administrator,Barking,£24000 - £25500 per year,onsite_or_not_stated,,,,,c38592d7-5e7b-43dc-b88d-5b69f5edbe29
2026-07-26,SELECTED,London,Administrator,London,£28000 - £32000 per year,onsite_or_not_stated,,,,,c3604fba-2d21-4f0b-b8c6-60e55981f0ad
2026-07-26,SELECTED,London,Sales and Operations Administrator,London,£28000 - £30000 per year,onsite_or_not_stated,,,,,bcf39daa-2626-4711-a2b0-d49204af6df7
2026-07-26,SELECTED,London,Secretary/Receptionist,London,£30000 - £35000 per year,onsite_or_not_stated,,,,,b8e6203a-6935-4c48-aad1-a9db5326b5aa
2026-07-26,SELECTED,London,Receptionist - Full time - West End,London,£34000 - £36000 per year,onsite_or_not_stated,,,,,b3c7ca56-7031-4b79-acc4-204cd8fdfd5e
2026-07-26,SELECTED,London,School and Data Administrator,London,,onsite_or_not_stated,,,,,af9dc98f-624b-4f28-9113-cb1f1a9f886c
2026-07-26,SELECTED,London,Private Medical Receptionist,London,£28000 - £33000 per year,onsite_or_not_stated,,,,,a3933ff5-36a0-445a-bf43-3d8c00c53cac
2026-07-26,SELECTED,London,Customer Service Administrator,West Drayton,£13.85 - £14.8 per hour,onsite_or_not_stated,,,,,9e7be7c1-c5db-40e6-9ea5-53464ea55de4
2026-07-26,SELECTED,London,Administrator,City,£12.75 - £15.14 per hour,onsite_or_not_stated,,,,,9e5c17ef-1d1c-4221-8565-1db5db2bda74
2026-07-26,SELECTED,London,School Administrator and Receptionist,London,£25000 - £35000 per year,onsite_or_not_stated,,,,,960e6b29-af29-4a8a-9bc1-7e0f0a51a9a5
2026-07-26,SELECTED,London,Office Coordinator,London,£35000 per year,onsite_or_not_stated,,,,,920deff1-36d0-49c9-96cd-973bcdc16115
2026-07-26,SELECTED,London,Membership Services Administrator,London,£14 - £15.5 per hour,onsite_or_not_stated,,,,,8f225185-75cc-4cdc-9bcd-c933be24aeab
2026-07-26,SELECTED,London,Mortgage Administrator,London,£28000 - £32000 per year,onsite_or_not_stated,,,,,853a077e-e7dc-4fa7-b361-e6630e7e4788
2026-07-26,SELECTED,London,Corporate Services Operations Coordinator,City,,onsite_or_not_stated,,,,,107699141
2026-07-26,SELECTED,London,Account Coordinator,London,£28000 - £30000 per year,hybrid,3 days in office,"Account Coordinator Sales Account Administrator - Annual Salary: £26-28k plus benefits - Location: SW14, London - Job Type: Full-time/Hybrid - 3 days in the office, 2 days at home - Hours: Flexible working hours between 8.00am and 10.00am and 4.30pm and 6.30pm Join a dynamic and growing company who design and manufacture accessories for the UK high street.",,,5b696a5a-a2a2-48f6-98c0-1e7422504062
2026-07-26,SELECTED,London,Operations Administrator,Sidcup,£25000 - £28000 per year,onsite_or_not_stated,,,,,76dc46f9-a6e8-4c12-91a5-424019cb5e58
2026-07-26,SELECTED,London,Business Support Officer,London,£15 per hour,hybrid,1 day from home,"The Details - Contract: Temp to Perm - Pay: £15 per hour - Hours: Monday-Friday, 9am-5:30pm - Hybrid: 1 day working from home per week - Location: Southwark, Greater London Key Responsibilities - Document formatting (essential) and project administration - Travel booking and timesheet chasing - Organising team and client events - Managing POs and credit card expenses - Front of house/client services cover - Maintaining filing systems and business records - Supporting UK Sustainability and Wellbeing programmes About You - Strong document formatting skills (essential) - Highly organised with the ability to manage multiple priorities - Enjoys learning, using initiative, and finding solutions - Confident, personable, and happy building relationships - Proficient in Microsoft Office and administrative systems - A team player with a proactive, can-do attitude This role is advertised by the Office Angels London Bridge Branch.",,,760911ff-d185-49ba-bee4-150d1b924aae
2026-07-26,SELECTED,London,SSAS Administrator,London,£28000 per year,hybrid,Hybrid working,"SSAS Administrator SSAS Administrator North London / Finchley / Hybrid £28,000 plus benefits A multi-office, award winning wealth management firm currently requires an experienced SSAS Administrator to join its friendly and vibrant team, on a hybrid basis, being based in the office in North London 3 days per week.",,,6d1a0d1e-192c-499a-b24f-73a2d1046858
2026-07-26,SELECTED,London,Sales Support Administrator,Barking,£24000 - £26000 per year,onsite_or_not_stated,,,,,6a2ec28e-20d9-4714-9789-4a06502d54bc
2026-07-26,SELECTED,London,Receptionist,London,£30000 - £35000 per year,onsite_or_not_stated,,,,,63d3c933-3a60-4cdd-b3a2-0a99f953fe7e
2026-07-26,SELECTED,London,"FA Administrator North West London Up to £35,000 Hybrid Working",London,£30000 - £35000 per year,hybrid,3 days from home,"FA Administrator North West London Up to £35,000 Hybrid Working Hybrid Working Career Progression A well-established and growing Independent Financial Advice firm in North West London is looking to recruit an experienced IFA Administrator to join their friendly and supportive team.",,,5ee069a3-5c92-41c7-b10c-b34f4efe1819
2026-07-26,SELECTED,London,Administrator,Kingston Upon Thames,£14 per hour,onsite_or_not_stated,,,,,5c4f9bf3-8a5b-45b0-8718-fd7e514ff1a1
2026-07-26,SELECTED,London,CRM Data Administrator,London,,hybrid,Hybrid working,"CRM Data Administrator CRM Data Administrator must have Zoho CRM experience Location: London / Hybrid Type: Full-Time Company: SJH Group About SJH Group SJH Group is an award-winning media, publishing, film and events company working with global institutions, luxury brands, governments, charities and membership organisations click apply for full job details London London",,,107657111
2026-07-26,SELECTED,London,Contracts Administrator Assistant,Loughton,£27000 - £28000 per year,onsite_or_not_stated,,,,,d80effd1-f790-46d0-942e-27c2de0d6305
2026-07-26,SELECTED,London,Clinical Administrator,Harrow,£13.5 per hour,onsite_or_not_stated,,,,,2e0f17ce-eacf-4dfd-b33f-6b3dfc640c41
2026-07-26,SELECTED,London,Operations Administrator in Financial Advisory,London,£28000 - £32000 per year,onsite_or_not_stated,,,,,887c5040-e943-4083-a032-078f4ad1afab
2026-07-26,SELECTED,London,Junior PA & Receptionist - Graduate,London,£30000 - £35000 per year,onsite_or_not_stated,,,,,41ccb3b9-b591-4166-9a51-b814198b9789
2026-07-26,SELECTED,London,Extra Care Support Coordinator,Harrow,£15.36 per hour,onsite_or_not_stated,,,,,107719639
2026-07-26,SELECTED,London,ESG Administrator,London,£27000 - £28000 per year,hybrid,2 days from home / 3 days in office,"About you: - Excellent communicator (both written and verbal) - A good eye for detail - Happy working with data - Organised and proactive - Enjoy working to deadlines - Keen to learn - A passion for sustainability/Environmental, Social and Governance Note that for the first 3 months in this role, you will be required to be in the office 5 days a week, however after this, the role is hybrid, with 3 days in the office and 2 days working from home.",,,c95dcc3a-aebc-4fba-850a-1e423f93872d
2026-07-26,SELECTED,London,Repairs Administrator,Bromley,£25000 - £35000 per year,onsite_or_not_stated,,,,,85cb0b33-1187-44a1-9120-c1bef5cd7404
2026-07-26,SELECTED,London,Financial Administrator route to Paraplanning - City of London - £32-35k plus full study support,London,£32000 - £35000 per year,onsite_or_not_stated,,,,,3089d153-b3c0-41e1-bbaa-b8cca9114a3d
2026-07-26,SELECTED,London,Office Administrator,London,£28000 - £32000 per year,onsite_or_not_stated,,,,,50305aa1-cd45-4fbf-9d3c-0396d942139e
2026-07-26,SELECTED,London,Service Administrator,Chessington,£26000 - £28000 per year,onsite_or_not_stated,,,,,365a170b-e62e-49f9-b465-6fa223da75bd
2026-07-26,SELECTED,London,Risk Administrator - US Law Firm (6 month FTC),London,,onsite_or_not_stated,,,,,b801c68f-5b19-482e-988a-f1d7c5338961
2026-07-26,SELECTED,London,Administration Coordinator,London,,hybrid,Hybrid working,"Administration Coordinator Administration Coordinator We're looking for an Administration Coordinator to join our growing Willmott Dixon Interiors team, based out of our Old Bailey office in central London, with hybrid working available, this roles is three mandatory office days Tuesday to Thursday, with remote working on Monday and Friday each week.Reporting to the Executive Assistant, you'll provide high-quality administrative support across our Interiors business, ensuring our various teams, customers and stakeholders receive an efficient, professional and proactive service.",,,09642815-6ec3-4b6b-bbeb-d4ff4e73641c
2026-07-26,POSS - LONDON,London,School Administrator,London,£16 - £18 per hour,onsite_or_not_stated,,,,,a15a8b40-34b3-4fc2-9cd1-a834834d0017
2026-07-26,POSS - LONDON,London,Temporary Corporate Receptionist - Westminster,London,£20 per hour,onsite_or_not_stated,,,,,d16cdbd6-b4b8-4fd0-ba05-38b54943c4f8
2026-07-26,POSS - LONDON,London,Project + Office Administrator! Interior Design! 40k,London,£35000 - £42000 per year,onsite_or_not_stated,,,,,c96b01e7-3db3-44b6-a468-a20c1c93cccb
2026-07-26,POSS - LONDON,London,Mortgage Administrator,London,£32000 - £36000 per year,onsite_or_not_stated,,,,,9b1ee074-8e6f-47e5-ad15-e9ab674ee4e1
2026-07-26,POSS - LONDON,London,Receptionist,London,£45000 per year,onsite_or_not_stated,,,,,97ca6bd0-fca0-41b3-97fa-a03277d8cbfc
2026-07-26,POSS - LONDON,London,Insurance Administrator - Temp!,London,£16 - £19 per hour,hybrid,Hybrid working,"What's in it for you? - Competitive hourly rate of £16-£19 per hour. - Ongoing temporary assignment with potential for extension. - Excellent career progression opportunities. - Hybrid working opportunities (where applicable). - STUNNING modern offices with incredible views. - Access to Office Angels Boost Benefits including: Retail discounts and cashback schemes, Online wellbeing hub, Access to online training and development courses and lifestyle and leisure discounts.",,,90ad5564-468d-4f24-af83-e6583ea3582c
2026-07-26,POSS - LONDON,London,Property & Building Services Administrator,London,£20000 - £45000 per year,onsite_or_not_stated,,,,,82b06f2c-18d3-4b91-a03d-13fcc98c8945
2026-07-26,POSS - LONDON,London,Part-Time Secretary & Accounts Administrator,London,£19 - £21 per hour,onsite_or_not_stated,,,,,81074d84-ca84-4834-98ea-857a6a7427bc
2026-07-26,POSS - LONDON,London,Company Secretary,London,£100000 - £145000 per year,onsite_or_not_stated,,,,,801105e4-3d69-4bc3-81ae-7e30c542f80d
2026-07-26,POSS - LONDON,London,Mortgage and Protection Administrator,London,£35000 - £40000 per year,onsite_or_not_stated,,,,,7da72e42-2515-4769-87a4-c8d13df150b2
2026-07-26,POSS - LONDON,London,Part-time Club Administrator,London,£40000 per year,onsite_or_not_stated,,,,,6936a447-91d5-468e-a376-d02a60440fc7
2026-07-26,POSS - LONDON,London,Salesforce Administrator & Product Owner,London,£70000 - £75000 per year,hybrid,Hybrid working,"Salesforce Administrator & Product Owner Salesforce Administrator & Product Owner London Bridge (2 days office-based, 3 days remote working)Salary: Up to £75,000 Internal Title: CRM Manager Hyde New Homes is looking for a Salesforce Administrator & Product Owner a single, hands-on leadership role that combines platform administration with strategic product ownership.",,,abc13a7a-44e8-4297-9e5b-5261e280c043
2026-07-26,POSS - LONDON,London,Patent Secretary,London,£43000 - £45000 per year,hybrid,Hybrid working,"The Hours Full-time, 37.5 hours per week Monday - Friday The Location: London, WC1 B (close to Holborn Station) with hybrid working The Benefits - 25 days' annual leave, increasing by 1 day per year up to 28 days. - Employer pension contribution of 5% in the first year, increasing to 10% after one year's service. - Private medical insurance. - Life assurance of 4x base salary. - Income-protection cover for up to 5 years, compensating for up to 75% of base salary. - Cycle-to-work scheme. - Season-ticket loan. - One paid corporate volunteering day per year.",,,e1b01dca-5cc3-4f77-8db5-01e4c3798511
2026-07-26,POSS - LONDON,London,Patent Secretary,London,£45000 per year,onsite_or_not_stated,,,,,02ced342-fa13-4e80-9ec2-3d369c2c6c2d
2026-07-26,POSS - LONDON,London,Business Support Officer (Housing Benefit),London,£20.96 - £27.33 per hour,hybrid,Hybrid working,"Business Support Officer (Housing Benefit) Job Title: Business Support Officer - Housing Benefit Location: Ealing- Hybrid working, 2-3 days Office Hourly rate £20.96 PAYE / £27.33 UMB Per Hour Contract Length: 3-month contract (possibility of extension) Working Pattern: Full Time, Monday - Friday, 35 hours ASAP Start About the Role We are seeking a proactive and highly organised Business Support Officer to join our dynamic team.",,,01da6c94-2e35-4cdf-8f32-4961c5046ffd
2026-07-26,POSS - LONDON,London,HR Administrator,London,£19.16 per hour,hybrid,Hybrid working,"HR Administrator HR Administrator Location: Farringdon - Hybrid Salary: £19.16 per hour Duration: 2 months - Temp Our client, a homeless charity, is seeking a proactive HR Administrator to support their team during an important period of transition.",,,8cd581a2-e700-41e8-a134-8b21a8df9efe
2026-07-26,POSS - LONDON,London,Business Support Officer - Adult Social Care,London,£21.52 - £27.35 per hour,onsite_or_not_stated,,,,,293cd057-2503-48af-a849-39d5c6503e49
2026-07-26,POSS - LONDON,London,"Enterprise Services Principal Administrator, Cloud",London,£85000 per year,onsite_or_not_stated,,,,,107731922
2026-07-26,POSS - LONDON,London,Financial Services Administrator,Uxbridge,£33000 - £36000 per year,hybrid,Hybrid working,"Financial Services Administrator Hybrid Working Annual Bonus Excellent Benefits Career Development Opportunities Location: Uxbridge, West London (Hybrid Working inc every Friday at home) Salary: £33,000-£36,000 DOE + Annual Bonus Hours: Full-time (37.5 hours per week) About the Company Our client is a well-established independent financial planning practice with an outstanding reputation for delivering personalised, long-term financial advice.",,,c17b478b-b263-4cf0-bc94-62e97f51f46e
2026-07-26,POSS - LONDON,London,Business Support Officer,Harrow,£18.65 per hour,onsite_or_not_stated,,,,,ae8b8562-9c39-473f-afb1-4a6cd7e73d99
2026-07-26,POSS - LONDON,London,Practice Administrator/Secretary,Twickenham,£30000 - £36000 per year,onsite_or_not_stated,,,,,ce1a4d3a-01bd-4318-9879-9012ad1a1d1b
2026-07-26,POSS - LONDON,London,TEMP COORDINATOR FOR LUXURY CLIENT SERVICES TEAM,London,£30000 - £40000 per year,onsite_or_not_stated,,,,,93b52fa5-a49e-4152-8cf7-b95706117e4f
2026-07-26,POSS - LONDON,London,Executive Assistant / Project Coordinator,London,£50000 - £63000 per year,hybrid,3 office days per week,"Executive Assistant / Project Coordinator Executive Assistant / Project Coordinator Location: Central London (Hybrid - 2-3 days per week in the office) Salary:£50,000-£60,000 + 20% Performance Bonus + Benefits Hours: Monday-Friday, 9:00am-5:30pm About Our Client Our client is an ambitious boutique executive search start-up specialising in senior leadership appointments across private equity-backed, growth and corporate businesses.",,,5830ab37-b5ac-4fb9-84e0-149effe844c6
2026-07-26,SELECTED,Hampshire,Sales Administrator,Winchester,£30000 - £33000 per year,onsite_or_not_stated,,,,,d54fc5b5-0ff3-4926-9190-c12703e95a9a
2026-07-26,SELECTED,Hampshire,Facilities Administrator - Southampton,Southampton,£126 per daily,onsite_or_not_stated,,,,,fa75674d-1b48-48d4-8d92-e2ec4084632f
2026-07-26,SELECTED,Hampshire,Administrative Assistant,Southampton,£24000 per year,hybrid,Hybrid working,What's on Offer - The opportunity to join one of the UK's leading law firms. - A supportive and collaborative working environment. - Excellent training and long-term career development opportunities. - Competitive salary and comprehensive benefits package. - Hybrid working.,,,f5457490-a133-4a7b-a4b0-1ff3cd22900b
2026-07-26,SELECTED,Hampshire,Temporary Receptionist,Southampton,£12.98 per hour,onsite_or_not_stated,,,,,f3b51feb-04d9-403f-80b7-38552368205e
2026-07-26,SELECTED,Hampshire,Administrator,Southampton,£26000 - £27000 per year,onsite_or_not_stated,,,,,f12a7b58-f6fc-4e7b-9eb0-4e9952ab7667
2026-07-26,SELECTED,Hampshire,Service Administrator,Hook,£28000 - £31000 per year,hybrid,Hybrid working,What's On Offer - Hybrid working - Annual bonus scheme - Generous holiday entitlement - Enhanced pension contribution - Private healthcare - Life assurance - Flexible working arrangements - Ongoing training and development - Friendly and supportive team culture Hook Hampshire,,,e4433988-1a56-41f5-ac8f-c910dd080a57
2026-07-26,SELECTED,Hampshire,Administrator - IMMEDIATE START,Farnborough,£13 - £13.5 per hour,onsite_or_not_stated,,,,,e13ab105-51ca-4a23-a205-c2aa94b9d8b7
2026-07-26,SELECTED,Hampshire,Operations Administrator,Eastleigh,£13 - £13.5 per hour,onsite_or_not_stated,,,,,d3df7f7d-fd80-4797-8a7e-a56bfcec46c0
2026-07-26,SELECTED,Hampshire,Business Support Assistant / Receptionist,Waterlooville,£21846 - £22308 per year,onsite_or_not_stated,,,,,d25416ff-09ab-42d3-8662-3db2a9d1411d
2026-07-26,SELECTED,Hampshire,Operations Coordinator,Basingstoke,£28000 per year,onsite_or_not_stated,,,,,cda0ce28-ad2b-4d63-9ba9-cb4ebcfbefb2
2026-07-26,SELECTED,Hampshire,Sales Administrator,Fleet,£25000 - £32000 per year,onsite_or_not_stated,,,,,bd70f859-d69b-4b0e-9483-665fe78b005e
2026-07-26,SELECTED,Hampshire,Office Administrator,Eastleigh,£13 - £13.5 per hour,onsite_or_not_stated,,,,,b0ad5266-b453-4cd9-9191-c276762c03c0
2026-07-26,SELECTED,Hampshire,Administrator - Perfect for recent graduates,Southampton,£26000 - £27000 per year,onsite_or_not_stated,,,,,96d9cb94-c4f0-448e-a4fa-eaf14a84333b
2026-07-26,SELECTED,Hampshire,Sales Administrator,Winchester,£30000 - £33000 per year,onsite_or_not_stated,,,,,845217fa-30ee-4c6e-b460-dac805d0d4f6
2026-07-26,SELECTED,Hampshire,Post Room & Administration Assistant,Fareham,,onsite_or_not_stated,,,,,81f392f7-0980-46b8-aee1-f7d93979267a
2026-07-26,SELECTED,Hampshire,Customer Service Admin Assistant,Ryde,£11 - £12 per hour,onsite_or_not_stated,,,,,fb5c8f19-92e0-46e9-bc2b-252c448c5820
2026-07-26,SELECTED,Hampshire,Operations Administrator,Southampton,£13.03 per hour,onsite_or_not_stated,,,,,f75f699e-a0b4-495f-ab6a-c3b639ae73e4
2026-07-26,SELECTED,Hampshire,Sales Administrator,Southampton,£29500 per year,onsite_or_not_stated,,,,,8f49a549-d633-4be4-8902-6fe0e11ff19b
2026-07-26,SELECTED,Hampshire,Administrator,Eastleigh,£14 per hour,onsite_or_not_stated,,,,,ee1062b8-52b1-4cdb-b9bf-b57ace7d6958
2026-07-26,SELECTED,Hampshire,Temporary administrators/receptionists,Winchester,£13 - £15 per hour,onsite_or_not_stated,,,,,a9c15466-186d-4005-8df2-193e0bf96bf0
2026-07-26,SELECTED,Hampshire,Sales Administrator,Petersfield,£25000 - £30000 per year,onsite_or_not_stated,,,,,b9a5ee39-5970-4459-9186-fb7f84383304
2026-07-26,SELECTED,Hampshire,Customer Service Administrator,Eastleigh,£26000 - £30000 per year,onsite_or_not_stated,,,,,4e153964-a053-4ed8-aea2-1904770ff29d
