title_key,classification,hc_tier
admin assistant,HC,A
admin assistant 20 hours,HC,A
admin assistant 30 hours,HC,A
admin assistant casual bank,HC,A
admin assistant learning development culture,HC,A
admin assistant receptionist,HC,A
admin receptionist,HC,A
admin support administrator,HC,A
administration assistant,HC,A
administration assistant and receptionist band 2,HC,A
administration assistant head office,HC,A
administration support receptionist,HC,A
administrative assistant,HC,A
administrative assistant 12 month maternity cover,HC,A
administrative assistant apprenticeship opportunity,HC,A
administrative assistant band 3,HC,A
administrative support officer,HC,A
administrator,HC,A
administrator bank,HC,A
administrator bedfordshire,HC,A
administrator birmingham,HC,A
administrator cfhd,HC,A
administrator chelmsford,HC,A
administrator haringey islington,HC,A
administrator hertfordshire,HC,A
administrator huntingdon,HC,A
administrator newham,HC,A
administrator part time,HC,A
administrator receptionist,HC,A
administrator secretary,HC,A
administrator solihull,HC,A
administrator walsall,HC,A
administrator waltham forest,HC,A
appointments clerk,HC,A
appointments clerk higher level,HC,A
apprentice administration and clerical assistant,HC,A
apprentice clerical assistant,HC,A
assistant administrator,HC,A
band 3 administrator,HC,A
band 3 team administrator little bromwich centre,HC,A
bank administrator,HC,A
bank booking administrator,HC,A
bank receptionist,HC,A
booking administrator,HC,A
business administrator,HC,A
clerical assistant,HC,A
clerical officer,HC,A
clerical officer central bookings,HC,A
clerical officer receptionist,HC,A
community receptionist,HC,A
coordination centre administrator,HC,A
corporate administrative assistant,HC,A
estates technical administrator,HC,A
home administrator,HC,A
learning management system lms administrator,HC,A
mobile network administrator,HC,A
neighbourhood administrator,HC,A
network administrator,HC,A
network management administrator,HC,A
night receptionist,HC,A
nrc receptionist,HC,A
office administrator band 3,HC,A
operational support administrator,HC,A
operations administrator,HC,A
operations compliance administrator,HC,A
panel administrator,HC,A
part time evening receptionist,HC,A
part time receptionist,HC,A
part time receptionist administrator,HC,A
partial booking clerk,HC,A
pensions administrator,HC,A
people and culture administrator resourcing,HC,A
people flexi bank administrator,HC,A
programme administrator,HC,A
reception administrator,HC,A
reception and appointment clerk,HC,A
receptionist,HC,A
receptionist access,HC,A
receptionist admin,HC,A
receptionist admin assistant,HC,A
receptionist admin support,HC,A
receptionist administration,HC,A
receptionist administration assistant,HC,A
receptionist administrator,HC,A
receptionist administrator 18 hrs per week,HC,A
receptionist administrator 20hrs and 15 minutes per week,HC,A
receptionist administrator 25 hours per week,HC,A
receptionist administrator maternity cover,HC,A
receptionist administrator part time,HC,A
receptionist and administrator,HC,A
receptionist apprentice,HC,A
receptionist bank,HC,A
receptionist call handler,HC,A
receptionist clerk,HC,A
receptionist hillrise newhaven,HC,A
receptionist part time 30 hours per week 12 month fixed term,HC,A
receptionist telephonist,HC,A
receptionist telephonist administrator,HC,A
receptionist upper lea valley ict,HC,A
recruitment administrator,HC,A
recruitment onboarding administrator apprenticeship,HC,A
registration authority administrator,HC,A
rota support compliance administrator,HC,A
service administrator,HC,A
service administrator and receptionist,HC,A
slot administrator,HC,A
sql database administrator,HC,A
subject access request clerical administrator,HC,A
systems access services administrator band 3,HC,A
team administrator,HC,A
team administrator coordinator,HC,A
telephone booking clerk,HC,A
track administrator,HC,A
trust wide band 2 administrator,HC,A
uel business administrator,HC,A
unit administrator,HC,A
workflow admin assistant,HC,A
workflow administrator,HC,A
workforce administrator,HC,A
workforce administrator pa,HC,A
workforce compliance and assurance administrator,HC,A
workforce information system administrator,HC,A
yll administrator,HC,A
