feed_date,region,family,selected_count
2026-09-22,Bedfordshire,service_admin,7
2026-09-22,Bedfordshire,support_worker,1
2026-09-22,Bedfordshire,customer_sales,1
2026-09-22,Bedfordshire,legal_assistant_paralegal,2
2026-09-22,Bedfordshire,marketing,1
2026-09-22,Bedfordshire,finance_accounts,4
2026-09-22,Bedfordshire,hr_recruitment,0
2026-09-22,Bedfordshire,customer_service_contact_centre,0
2026-09-22,Berkshire,service_admin,7
2026-09-22,Berkshire,support_worker,1
2026-09-22,Berkshire,customer_sales,6
2026-09-22,Berkshire,legal_assistant_paralegal,14
2026-09-22,Berkshire,marketing,11
2026-09-22,Berkshire,finance_accounts,16
2026-09-22,Berkshire,hr_recruitment,2
2026-09-22,Berkshire,customer_service_contact_centre,0
2026-09-22,Bristol & Bath,service_admin,21
2026-09-22,Bristol & Bath,support_worker,4
2026-09-22,Bristol & Bath,customer_sales,5
2026-09-22,Bristol & Bath,legal_assistant_paralegal,5
2026-09-22,Bristol & Bath,marketing,3
2026-09-22,Bristol & Bath,finance_accounts,18
2026-09-22,Bristol & Bath,hr_recruitment,5
2026-09-22,Bristol & Bath,customer_service_contact_centre,0
2026-09-22,Buckinghamshire,service_admin,11
2026-09-22,Buckinghamshire,support_worker,1
2026-09-22,Buckinghamshire,customer_sales,2
2026-09-22,Buckinghamshire,legal_assistant_paralegal,6
2026-09-22,Buckinghamshire,marketing,5
2026-09-22,Buckinghamshire,finance_accounts,16
2026-09-22,Buckinghamshire,hr_recruitment,2
2026-09-22,Buckinghamshire,customer_service_contact_centre,0
2026-09-22,Cambridgeshire,service_admin,17
2026-09-22,Cambridgeshire,support_worker,1
2026-09-22,Cambridgeshire,customer_sales,3
2026-09-22,Cambridgeshire,legal_assistant_paralegal,5
2026-09-22,Cambridgeshire,marketing,3
2026-09-22,Cambridgeshire,finance_accounts,22
2026-09-22,Cambridgeshire,hr_recruitment,4
2026-09-22,Cambridgeshire,customer_service_contact_centre,0
2026-09-22,Cheshire - East,service_admin,8
2026-09-22,Cheshire - East,support_worker,1
2026-09-22,Cheshire - East,customer_sales,2
2026-09-22,Cheshire - East,legal_assistant_paralegal,2
2026-09-22,Cheshire - East,marketing,1
2026-09-22,Cheshire - East,finance_accounts,11
2026-09-22,Cheshire - East,hr_recruitment,1
2026-09-22,Cheshire - East,customer_service_contact_centre,2
2026-09-22,Cheshire - Warrington & Halton,service_admin,28
2026-09-22,Cheshire - Warrington & Halton,support_worker,0
2026-09-22,Cheshire - Warrington & Halton,customer_sales,1
2026-09-22,Cheshire - Warrington & Halton,legal_assistant_paralegal,2
2026-09-22,Cheshire - Warrington & Halton,marketing,3
2026-09-22,Cheshire - Warrington & Halton,finance_accounts,11
2026-09-22,Cheshire - Warrington & Halton,hr_recruitment,1
2026-09-22,Cheshire - Warrington & Halton,customer_service_contact_centre,0
2026-09-22,Cheshire - West,service_admin,8
2026-09-22,Cheshire - West,support_worker,0
2026-09-22,Cheshire - West,customer_sales,1
2026-09-22,Cheshire - West,legal_assistant_paralegal,1
2026-09-22,Cheshire - West,marketing,1
2026-09-22,Cheshire - West,finance_accounts,6
2026-09-22,Cheshire - West,hr_recruitment,0
2026-09-22,Cheshire - West,customer_service_contact_centre,0
2026-09-22,Cornwall,service_admin,2
2026-09-22,Cornwall,support_worker,4
2026-09-22,Cornwall,customer_sales,2
2026-09-22,Cornwall,legal_assistant_paralegal,0
2026-09-22,Cornwall,marketing,0
2026-09-22,Cornwall,finance_accounts,4
2026-09-22,Cornwall,hr_recruitment,0
2026-09-22,Cornwall,customer_service_contact_centre,0
2026-09-22,Cumbria - North,service_admin,0
2026-09-22,Cumbria - North,support_worker,7
2026-09-22,Cumbria - North,customer_sales,0
2026-09-22,Cumbria - North,legal_assistant_paralegal,0
2026-09-22,Cumbria - North,marketing,0
2026-09-22,Cumbria - North,finance_accounts,1
2026-09-22,Cumbria - North,hr_recruitment,0
2026-09-22,Cumbria - North,customer_service_contact_centre,0
2026-09-22,Cumbria - South,service_admin,1
2026-09-22,Cumbria - South,support_worker,3
2026-09-22,Cumbria - South,customer_sales,1
2026-09-22,Cumbria - South,legal_assistant_paralegal,0
2026-09-22,Cumbria - South,marketing,0
2026-09-22,Cumbria - South,finance_accounts,0
2026-09-22,Cumbria - South,hr_recruitment,0
2026-09-22,Cumbria - South,customer_service_contact_centre,1
2026-09-22,Cumbria - West,service_admin,0
2026-09-22,Cumbria - West,support_worker,4
2026-09-22,Cumbria - West,customer_sales,0
2026-09-22,Cumbria - West,legal_assistant_paralegal,0
2026-09-22,Cumbria - West,marketing,0
2026-09-22,Cumbria - West,finance_accounts,0
2026-09-22,Cumbria - West,hr_recruitment,0
2026-09-22,Cumbria - West,customer_service_contact_centre,0
2026-09-22,Derbyshire,service_admin,2
2026-09-22,Derbyshire,support_worker,2
2026-09-22,Derbyshire,customer_sales,0
2026-09-22,Derbyshire,legal_assistant_paralegal,2
2026-09-22,Derbyshire,marketing,2
2026-09-22,Derbyshire,finance_accounts,3
2026-09-22,Derbyshire,hr_recruitment,1
2026-09-22,Derbyshire,customer_service_contact_centre,0
2026-09-22,Devon,service_admin,13
2026-09-22,Devon,support_worker,3
2026-09-22,Devon,customer_sales,3
2026-09-22,Devon,legal_assistant_paralegal,3
2026-09-22,Devon,marketing,2
2026-09-22,Devon,finance_accounts,15
2026-09-22,Devon,hr_recruitment,2
2026-09-22,Devon,customer_service_contact_centre,1
2026-09-22,Dorset,service_admin,12
2026-09-22,Dorset,support_worker,0
2026-09-22,Dorset,customer_sales,2
2026-09-22,Dorset,legal_assistant_paralegal,2
2026-09-22,Dorset,marketing,1
2026-09-22,Dorset,finance_accounts,11
2026-09-22,Dorset,hr_recruitment,2
2026-09-22,Dorset,customer_service_contact_centre,0
2026-09-22,Essex,service_admin,21
2026-09-22,Essex,support_worker,3
2026-09-22,Essex,customer_sales,5
2026-09-22,Essex,legal_assistant_paralegal,17
2026-09-22,Essex,marketing,7
2026-09-22,Essex,finance_accounts,30
2026-09-22,Essex,hr_recruitment,3
2026-09-22,Essex,customer_service_contact_centre,0
2026-09-22,Gloucestershire,service_admin,10
2026-09-22,Gloucestershire,support_worker,2
2026-09-22,Gloucestershire,customer_sales,0
2026-09-22,Gloucestershire,legal_assistant_paralegal,1
2026-09-22,Gloucestershire,marketing,3
2026-09-22,Gloucestershire,finance_accounts,11
2026-09-22,Gloucestershire,hr_recruitment,2
2026-09-22,Gloucestershire,customer_service_contact_centre,0
2026-09-22,Greater Manchester - Manchester & Salford,service_admin,23
2026-09-22,Greater Manchester - Manchester & Salford,support_worker,0
2026-09-22,Greater Manchester - Manchester & Salford,customer_sales,2
2026-09-22,Greater Manchester - Manchester & Salford,legal_assistant_paralegal,13
2026-09-22,Greater Manchester - Manchester & Salford,marketing,6
2026-09-22,Greater Manchester - Manchester & Salford,finance_accounts,23
2026-09-22,Greater Manchester - Manchester & Salford,hr_recruitment,4
2026-09-22,Greater Manchester - Manchester & Salford,customer_service_contact_centre,1
2026-09-22,Greater Manchester - North,service_admin,3
2026-09-22,Greater Manchester - North,support_worker,1
2026-09-22,Greater Manchester - North,customer_sales,0
2026-09-22,Greater Manchester - North,legal_assistant_paralegal,0
2026-09-22,Greater Manchester - North,marketing,1
2026-09-22,Greater Manchester - North,finance_accounts,11
2026-09-22,Greater Manchester - North,hr_recruitment,0
2026-09-22,Greater Manchester - North,customer_service_contact_centre,0
2026-09-22,Greater Manchester - South,service_admin,6
2026-09-22,Greater Manchester - South,support_worker,0
2026-09-22,Greater Manchester - South,customer_sales,0
2026-09-22,Greater Manchester - South,legal_assistant_paralegal,1
2026-09-22,Greater Manchester - South,marketing,1
2026-09-22,Greater Manchester - South,finance_accounts,5
2026-09-22,Greater Manchester - South,hr_recruitment,1
2026-09-22,Greater Manchester - South,customer_service_contact_centre,0
2026-09-22,Greater Manchester - Wigan & Bolton,service_admin,6
2026-09-22,Greater Manchester - Wigan & Bolton,support_worker,0
2026-09-22,Greater Manchester - Wigan & Bolton,customer_sales,1
2026-09-22,Greater Manchester - Wigan & Bolton,legal_assistant_paralegal,1
2026-09-22,Greater Manchester - Wigan & Bolton,marketing,2
2026-09-22,Greater Manchester - Wigan & Bolton,finance_accounts,7
2026-09-22,Greater Manchester - Wigan & Bolton,hr_recruitment,0
2026-09-22,Greater Manchester - Wigan & Bolton,customer_service_contact_centre,0
2026-09-22,Hampshire,service_admin,15
2026-09-22,Hampshire,support_worker,17
2026-09-22,Hampshire,customer_sales,6
2026-09-22,Hampshire,legal_assistant_paralegal,6
2026-09-22,Hampshire,marketing,2
2026-09-22,Hampshire,finance_accounts,13
2026-09-22,Hampshire,hr_recruitment,5
2026-09-22,Hampshire,customer_service_contact_centre,1
2026-09-22,Herefordshire,service_admin,1
2026-09-22,Herefordshire,support_worker,0
2026-09-22,Herefordshire,customer_sales,0
2026-09-22,Herefordshire,legal_assistant_paralegal,0
2026-09-22,Herefordshire,marketing,0
2026-09-22,Herefordshire,finance_accounts,1
2026-09-22,Herefordshire,hr_recruitment,0
2026-09-22,Herefordshire,customer_service_contact_centre,0
2026-09-22,Hertfordshire,service_admin,11
2026-09-22,Hertfordshire,support_worker,0
2026-09-22,Hertfordshire,customer_sales,2
2026-09-22,Hertfordshire,legal_assistant_paralegal,0
2026-09-22,Hertfordshire,marketing,4
2026-09-22,Hertfordshire,finance_accounts,13
2026-09-22,Hertfordshire,hr_recruitment,3
2026-09-22,Hertfordshire,customer_service_contact_centre,1
2026-09-22,Kent,service_admin,19
2026-09-22,Kent,support_worker,10
2026-09-22,Kent,customer_sales,6
2026-09-22,Kent,legal_assistant_paralegal,8
2026-09-22,Kent,marketing,8
2026-09-22,Kent,finance_accounts,23
2026-09-22,Kent,hr_recruitment,1
2026-09-22,Kent,customer_service_contact_centre,0
2026-09-22,Lancashire - Blackpool & Fylde,service_admin,1
2026-09-22,Lancashire - Blackpool & Fylde,support_worker,0
2026-09-22,Lancashire - Blackpool & Fylde,customer_sales,1
2026-09-22,Lancashire - Blackpool & Fylde,legal_assistant_paralegal,0
2026-09-22,Lancashire - Blackpool & Fylde,marketing,0
2026-09-22,Lancashire - Blackpool & Fylde,finance_accounts,1
2026-09-22,Lancashire - Blackpool & Fylde,hr_recruitment,0
2026-09-22,Lancashire - Blackpool & Fylde,customer_service_contact_centre,0
2026-09-22,Lancashire - Central,service_admin,2
2026-09-22,Lancashire - Central,support_worker,0
2026-09-22,Lancashire - Central,customer_sales,0
2026-09-22,Lancashire - Central,legal_assistant_paralegal,0
2026-09-22,Lancashire - Central,marketing,0
2026-09-22,Lancashire - Central,finance_accounts,6
2026-09-22,Lancashire - Central,hr_recruitment,0
2026-09-22,Lancashire - Central,customer_service_contact_centre,0
2026-09-22,Lancashire - East,service_admin,4
2026-09-22,Lancashire - East,support_worker,1
2026-09-22,Lancashire - East,customer_sales,1
2026-09-22,Lancashire - East,legal_assistant_paralegal,2
2026-09-22,Lancashire - East,marketing,0
2026-09-22,Lancashire - East,finance_accounts,8
2026-09-22,Lancashire - East,hr_recruitment,0
2026-09-22,Lancashire - East,customer_service_contact_centre,0
2026-09-22,Lancashire - North,service_admin,1
2026-09-22,Lancashire - North,support_worker,3
2026-09-22,Lancashire - North,customer_sales,1
2026-09-22,Lancashire - North,legal_assistant_paralegal,1
2026-09-22,Lancashire - North,marketing,0
2026-09-22,Lancashire - North,finance_accounts,1
2026-09-22,Lancashire - North,hr_recruitment,0
2026-09-22,Lancashire - North,customer_service_contact_centre,0
2026-09-22,Lancashire - West,service_admin,1
2026-09-22,Lancashire - West,support_worker,0
2026-09-22,Lancashire - West,customer_sales,1
2026-09-22,Lancashire - West,legal_assistant_paralegal,0
2026-09-22,Lancashire - West,marketing,0
2026-09-22,Lancashire - West,finance_accounts,3
2026-09-22,Lancashire - West,hr_recruitment,0
2026-09-22,Lancashire - West,customer_service_contact_centre,0
2026-09-22,Leicestershire,service_admin,6
2026-09-22,Leicestershire,support_worker,0
2026-09-22,Leicestershire,customer_sales,1
2026-09-22,Leicestershire,legal_assistant_paralegal,4
2026-09-22,Leicestershire,marketing,3
2026-09-22,Leicestershire,finance_accounts,12
2026-09-22,Leicestershire,hr_recruitment,0
2026-09-22,Leicestershire,customer_service_contact_centre,0
2026-09-22,Lincolnshire,service_admin,9
2026-09-22,Lincolnshire,support_worker,0
2026-09-22,Lincolnshire,customer_sales,0
2026-09-22,Lincolnshire,legal_assistant_paralegal,2
2026-09-22,Lincolnshire,marketing,3
2026-09-22,Lincolnshire,finance_accounts,9
2026-09-22,Lincolnshire,hr_recruitment,0
2026-09-22,Lincolnshire,customer_service_contact_centre,0
2026-09-22,London,service_admin,91
2026-09-22,London,support_worker,10
2026-09-22,London,customer_sales,12
2026-09-22,London,legal_assistant_paralegal,56
2026-09-22,London,marketing,66
2026-09-22,London,finance_accounts,81
2026-09-22,London,hr_recruitment,28
2026-09-22,London,customer_service_contact_centre,1
2026-09-22,Merseyside - Liverpool,service_admin,5
2026-09-22,Merseyside - Liverpool,support_worker,1
2026-09-22,Merseyside - Liverpool,customer_sales,1
2026-09-22,Merseyside - Liverpool,legal_assistant_paralegal,6
2026-09-22,Merseyside - Liverpool,marketing,7
2026-09-22,Merseyside - Liverpool,finance_accounts,7
2026-09-22,Merseyside - Liverpool,hr_recruitment,1
2026-09-22,Merseyside - Liverpool,customer_service_contact_centre,0
2026-09-22,Merseyside - Sefton,service_admin,2
2026-09-22,Merseyside - Sefton,support_worker,0
2026-09-22,Merseyside - Sefton,customer_sales,0
2026-09-22,Merseyside - Sefton,legal_assistant_paralegal,1
2026-09-22,Merseyside - Sefton,marketing,0
2026-09-22,Merseyside - Sefton,finance_accounts,1
2026-09-22,Merseyside - Sefton,hr_recruitment,0
2026-09-22,Merseyside - Sefton,customer_service_contact_centre,0
2026-09-22,Merseyside - St Helens & Knowsley,service_admin,4
2026-09-22,Merseyside - St Helens & Knowsley,support_worker,1
2026-09-22,Merseyside - St Helens & Knowsley,customer_sales,1
2026-09-22,Merseyside - St Helens & Knowsley,legal_assistant_paralegal,0
2026-09-22,Merseyside - St Helens & Knowsley,marketing,0
2026-09-22,Merseyside - St Helens & Knowsley,finance_accounts,1
2026-09-22,Merseyside - St Helens & Knowsley,hr_recruitment,0
2026-09-22,Merseyside - St Helens & Knowsley,customer_service_contact_centre,0
2026-09-22,Merseyside - Wirral,service_admin,0
2026-09-22,Merseyside - Wirral,support_worker,0
2026-09-22,Merseyside - Wirral,customer_sales,0
2026-09-22,Merseyside - Wirral,legal_assistant_paralegal,1
2026-09-22,Merseyside - Wirral,marketing,1
2026-09-22,Merseyside - Wirral,finance_accounts,0
2026-09-22,Merseyside - Wirral,hr_recruitment,0
2026-09-22,Merseyside - Wirral,customer_service_contact_centre,0
2026-09-22,Norfolk,service_admin,14
2026-09-22,Norfolk,support_worker,4
2026-09-22,Norfolk,customer_sales,0
2026-09-22,Norfolk,legal_assistant_paralegal,12
2026-09-22,Norfolk,marketing,7
2026-09-22,Norfolk,finance_accounts,16
2026-09-22,Norfolk,hr_recruitment,3
2026-09-22,Norfolk,customer_service_contact_centre,0
2026-09-22,North East,service_admin,16
2026-09-22,North East,support_worker,2
2026-09-22,North East,customer_sales,4
2026-09-22,North East,legal_assistant_paralegal,1
2026-09-22,North East,marketing,6
2026-09-22,North East,finance_accounts,15
2026-09-22,North East,hr_recruitment,2
2026-09-22,North East,customer_service_contact_centre,0
2026-09-22,North Scotland,service_admin,1
2026-09-22,North Scotland,support_worker,0
2026-09-22,North Scotland,customer_sales,1
2026-09-22,North Scotland,legal_assistant_paralegal,1
2026-09-22,North Scotland,marketing,0
2026-09-22,North Scotland,finance_accounts,2
2026-09-22,North Scotland,hr_recruitment,0
2026-09-22,North Scotland,customer_service_contact_centre,0
2026-09-22,North Wales - East,service_admin,2
2026-09-22,North Wales - East,support_worker,3
2026-09-22,North Wales - East,customer_sales,2
2026-09-22,North Wales - East,legal_assistant_paralegal,0
2026-09-22,North Wales - East,marketing,0
2026-09-22,North Wales - East,finance_accounts,3
2026-09-22,North Wales - East,hr_recruitment,0
2026-09-22,North Wales - East,customer_service_contact_centre,0
2026-09-22,North Wales - West,service_admin,1
2026-09-22,North Wales - West,support_worker,1
2026-09-22,North Wales - West,customer_sales,1
2026-09-22,North Wales - West,legal_assistant_paralegal,0
2026-09-22,North Wales - West,marketing,0
2026-09-22,North Wales - West,finance_accounts,0
2026-09-22,North Wales - West,hr_recruitment,0
2026-09-22,North Wales - West,customer_service_contact_centre,0
2026-09-22,Northamptonshire,service_admin,14
2026-09-22,Northamptonshire,support_worker,0
2026-09-22,Northamptonshire,customer_sales,2
2026-09-22,Northamptonshire,legal_assistant_paralegal,3
2026-09-22,Northamptonshire,marketing,0
2026-09-22,Northamptonshire,finance_accounts,12
2026-09-22,Northamptonshire,hr_recruitment,5
2026-09-22,Northamptonshire,customer_service_contact_centre,0
2026-09-22,Northern Ireland - East,service_admin,6
2026-09-22,Northern Ireland - East,support_worker,0
2026-09-22,Northern Ireland - East,customer_sales,0
2026-09-22,Northern Ireland - East,legal_assistant_paralegal,3
2026-09-22,Northern Ireland - East,marketing,5
2026-09-22,Northern Ireland - East,finance_accounts,5
2026-09-22,Northern Ireland - East,hr_recruitment,0
2026-09-22,Northern Ireland - East,customer_service_contact_centre,0
2026-09-22,Northern Ireland - West,service_admin,1
2026-09-22,Northern Ireland - West,support_worker,0
2026-09-22,Northern Ireland - West,customer_sales,0
2026-09-22,Northern Ireland - West,legal_assistant_paralegal,1
2026-09-22,Northern Ireland - West,marketing,0
2026-09-22,Northern Ireland - West,finance_accounts,0
2026-09-22,Northern Ireland - West,hr_recruitment,0
2026-09-22,Northern Ireland - West,customer_service_contact_centre,0
2026-09-22,Nottinghamshire,service_admin,8
2026-09-22,Nottinghamshire,support_worker,1
2026-09-22,Nottinghamshire,customer_sales,0
2026-09-22,Nottinghamshire,legal_assistant_paralegal,3
2026-09-22,Nottinghamshire,marketing,3
2026-09-22,Nottinghamshire,finance_accounts,14
2026-09-22,Nottinghamshire,hr_recruitment,2
2026-09-22,Nottinghamshire,customer_service_contact_centre,0
2026-09-22,Oxfordshire,service_admin,8
2026-09-22,Oxfordshire,support_worker,4
2026-09-22,Oxfordshire,customer_sales,3
2026-09-22,Oxfordshire,legal_assistant_paralegal,7
2026-09-22,Oxfordshire,marketing,7
2026-09-22,Oxfordshire,finance_accounts,13
2026-09-22,Oxfordshire,hr_recruitment,1
2026-09-22,Oxfordshire,customer_service_contact_centre,0
2026-09-22,Rutland,service_admin,0
2026-09-22,Rutland,support_worker,0
2026-09-22,Rutland,customer_sales,0
2026-09-22,Rutland,legal_assistant_paralegal,0
2026-09-22,Rutland,marketing,0
2026-09-22,Rutland,finance_accounts,0
2026-09-22,Rutland,hr_recruitment,0
2026-09-22,Rutland,customer_service_contact_centre,0
2026-09-22,Scotland - Borders,service_admin,0
2026-09-22,Scotland - Borders,support_worker,0
2026-09-22,Scotland - Borders,customer_sales,0
2026-09-22,Scotland - Borders,legal_assistant_paralegal,0
2026-09-22,Scotland - Borders,marketing,0
2026-09-22,Scotland - Borders,finance_accounts,0
2026-09-22,Scotland - Borders,hr_recruitment,0
2026-09-22,Scotland - Borders,customer_service_contact_centre,0
2026-09-22,Scotland Central - Edinburgh & Lothians,service_admin,8
2026-09-22,Scotland Central - Edinburgh & Lothians,support_worker,0
2026-09-22,Scotland Central - Edinburgh & Lothians,customer_sales,2
2026-09-22,Scotland Central - Edinburgh & Lothians,legal_assistant_paralegal,1
2026-09-22,Scotland Central - Edinburgh & Lothians,marketing,1
2026-09-22,Scotland Central - Edinburgh & Lothians,finance_accounts,7
2026-09-22,Scotland Central - Edinburgh & Lothians,hr_recruitment,3
2026-09-22,Scotland Central - Edinburgh & Lothians,customer_service_contact_centre,0
2026-09-22,Scotland Central - Falkirk & Stirling,service_admin,1
2026-09-22,Scotland Central - Falkirk & Stirling,support_worker,0
2026-09-22,Scotland Central - Falkirk & Stirling,customer_sales,0
2026-09-22,Scotland Central - Falkirk & Stirling,legal_assistant_paralegal,1
2026-09-22,Scotland Central - Falkirk & Stirling,marketing,1
2026-09-22,Scotland Central - Falkirk & Stirling,finance_accounts,0
2026-09-22,Scotland Central - Falkirk & Stirling,hr_recruitment,0
2026-09-22,Scotland Central - Falkirk & Stirling,customer_service_contact_centre,0
2026-09-22,Scotland Central - Fife,service_admin,9
2026-09-22,Scotland Central - Fife,support_worker,0
2026-09-22,Scotland Central - Fife,customer_sales,1
2026-09-22,Scotland Central - Fife,legal_assistant_paralegal,0
2026-09-22,Scotland Central - Fife,marketing,0
2026-09-22,Scotland Central - Fife,finance_accounts,1
2026-09-22,Scotland Central - Fife,hr_recruitment,0
2026-09-22,Scotland Central - Fife,customer_service_contact_centre,0
2026-09-22,Scotland Central - Tayside,service_admin,23
2026-09-22,Scotland Central - Tayside,support_worker,0
2026-09-22,Scotland Central - Tayside,customer_sales,0
2026-09-22,Scotland Central - Tayside,legal_assistant_paralegal,0
2026-09-22,Scotland Central - Tayside,marketing,2
2026-09-22,Scotland Central - Tayside,finance_accounts,0
2026-09-22,Scotland Central - Tayside,hr_recruitment,1
2026-09-22,Scotland Central - Tayside,customer_service_contact_centre,0
2026-09-22,Scotland West - Ayrshire,service_admin,0
2026-09-22,Scotland West - Ayrshire,support_worker,0
2026-09-22,Scotland West - Ayrshire,customer_sales,0
2026-09-22,Scotland West - Ayrshire,legal_assistant_paralegal,0
2026-09-22,Scotland West - Ayrshire,marketing,0
2026-09-22,Scotland West - Ayrshire,finance_accounts,0
2026-09-22,Scotland West - Ayrshire,hr_recruitment,0
2026-09-22,Scotland West - Ayrshire,customer_service_contact_centre,0
2026-09-22,Scotland West - Glasgow,service_admin,12
2026-09-22,Scotland West - Glasgow,support_worker,0
2026-09-22,Scotland West - Glasgow,customer_sales,2
2026-09-22,Scotland West - Glasgow,legal_assistant_paralegal,0
2026-09-22,Scotland West - Glasgow,marketing,0
2026-09-22,Scotland West - Glasgow,finance_accounts,1
2026-09-22,Scotland West - Glasgow,hr_recruitment,2
2026-09-22,Scotland West - Glasgow,customer_service_contact_centre,1
2026-09-22,Scotland West - Lanarkshire,service_admin,1
2026-09-22,Scotland West - Lanarkshire,support_worker,0
2026-09-22,Scotland West - Lanarkshire,customer_sales,0
2026-09-22,Scotland West - Lanarkshire,legal_assistant_paralegal,0
2026-09-22,Scotland West - Lanarkshire,marketing,0
2026-09-22,Scotland West - Lanarkshire,finance_accounts,1
2026-09-22,Scotland West - Lanarkshire,hr_recruitment,0
2026-09-22,Scotland West - Lanarkshire,customer_service_contact_centre,0
2026-09-22,Scotland West - Renfrewshire & Inverclyde,service_admin,1
2026-09-22,Scotland West - Renfrewshire & Inverclyde,support_worker,0
2026-09-22,Scotland West - Renfrewshire & Inverclyde,customer_sales,0
2026-09-22,Scotland West - Renfrewshire & Inverclyde,legal_assistant_paralegal,0
2026-09-22,Scotland West - Renfrewshire & Inverclyde,marketing,0
2026-09-22,Scotland West - Renfrewshire & Inverclyde,finance_accounts,0
2026-09-22,Scotland West - Renfrewshire & Inverclyde,hr_recruitment,0
2026-09-22,Scotland West - Renfrewshire & Inverclyde,customer_service_contact_centre,0
2026-09-22,Shropshire,service_admin,3
2026-09-22,Shropshire,support_worker,0
2026-09-22,Shropshire,customer_sales,1
2026-09-22,Shropshire,legal_assistant_paralegal,1
2026-09-22,Shropshire,marketing,1
2026-09-22,Shropshire,finance_accounts,2
2026-09-22,Shropshire,hr_recruitment,0
2026-09-22,Shropshire,customer_service_contact_centre,0
2026-09-22,Somerset,service_admin,3
2026-09-22,Somerset,support_worker,4
2026-09-22,Somerset,customer_sales,1
2026-09-22,Somerset,legal_assistant_paralegal,0
2026-09-22,Somerset,marketing,3
2026-09-22,Somerset,finance_accounts,4
2026-09-22,Somerset,hr_recruitment,0
2026-09-22,Somerset,customer_service_contact_centre,1
2026-09-22,Staffordshire,service_admin,13
2026-09-22,Staffordshire,support_worker,2
2026-09-22,Staffordshire,customer_sales,0
2026-09-22,Staffordshire,legal_assistant_paralegal,1
2026-09-22,Staffordshire,marketing,9
2026-09-22,Staffordshire,finance_accounts,7
2026-09-22,Staffordshire,hr_recruitment,2
2026-09-22,Staffordshire,customer_service_contact_centre,0
2026-09-22,Suffolk,service_admin,15
2026-09-22,Suffolk,support_worker,4
2026-09-22,Suffolk,customer_sales,4
2026-09-22,Suffolk,legal_assistant_paralegal,10
2026-09-22,Suffolk,marketing,1
2026-09-22,Suffolk,finance_accounts,17
2026-09-22,Suffolk,hr_recruitment,2
2026-09-22,Suffolk,customer_service_contact_centre,0
2026-09-22,Surrey,service_admin,21
2026-09-22,Surrey,support_worker,7
2026-09-22,Surrey,customer_sales,2
2026-09-22,Surrey,legal_assistant_paralegal,5
2026-09-22,Surrey,marketing,9
2026-09-22,Surrey,finance_accounts,19
2026-09-22,Surrey,hr_recruitment,3
2026-09-22,Surrey,customer_service_contact_centre,1
2026-09-22,Sussex,service_admin,20
2026-09-22,Sussex,support_worker,3
2026-09-22,Sussex,customer_sales,3
2026-09-22,Sussex,legal_assistant_paralegal,2
2026-09-22,Sussex,marketing,2
2026-09-22,Sussex,finance_accounts,19
2026-09-22,Sussex,hr_recruitment,3
2026-09-22,Sussex,customer_service_contact_centre,0
2026-09-22,Wales - Mid,service_admin,0
2026-09-22,Wales - Mid,support_worker,0
2026-09-22,Wales - Mid,customer_sales,0
2026-09-22,Wales - Mid,legal_assistant_paralegal,0
2026-09-22,Wales - Mid,marketing,0
2026-09-22,Wales - Mid,finance_accounts,1
2026-09-22,Wales - Mid,hr_recruitment,0
2026-09-22,Wales - Mid,customer_service_contact_centre,0
2026-09-22,Wales - West,service_admin,0
2026-09-22,Wales - West,support_worker,1
2026-09-22,Wales - West,customer_sales,0
2026-09-22,Wales - West,legal_assistant_paralegal,0
2026-09-22,Wales - West,marketing,0
2026-09-22,Wales - West,finance_accounts,0
2026-09-22,Wales - West,hr_recruitment,0
2026-09-22,Wales - West,customer_service_contact_centre,0
2026-09-22,Wales South - Cardiff & Vale,service_admin,8
2026-09-22,Wales South - Cardiff & Vale,support_worker,0
2026-09-22,Wales South - Cardiff & Vale,customer_sales,1
2026-09-22,Wales South - Cardiff & Vale,legal_assistant_paralegal,0
2026-09-22,Wales South - Cardiff & Vale,marketing,0
2026-09-22,Wales South - Cardiff & Vale,finance_accounts,7
2026-09-22,Wales South - Cardiff & Vale,hr_recruitment,0
2026-09-22,Wales South - Cardiff & Vale,customer_service_contact_centre,0
2026-09-22,Wales South - Gwent,service_admin,3
2026-09-22,Wales South - Gwent,support_worker,0
2026-09-22,Wales South - Gwent,customer_sales,0
2026-09-22,Wales South - Gwent,legal_assistant_paralegal,1
2026-09-22,Wales South - Gwent,marketing,1
2026-09-22,Wales South - Gwent,finance_accounts,2
2026-09-22,Wales South - Gwent,hr_recruitment,0
2026-09-22,Wales South - Gwent,customer_service_contact_centre,0
2026-09-22,Wales South - Swansea Bay,service_admin,12
2026-09-22,Wales South - Swansea Bay,support_worker,0
2026-09-22,Wales South - Swansea Bay,customer_sales,1
2026-09-22,Wales South - Swansea Bay,legal_assistant_paralegal,0
2026-09-22,Wales South - Swansea Bay,marketing,0
2026-09-22,Wales South - Swansea Bay,finance_accounts,5
2026-09-22,Wales South - Swansea Bay,hr_recruitment,0
2026-09-22,Wales South - Swansea Bay,customer_service_contact_centre,0
2026-09-22,Wales South - Valleys,service_admin,8
2026-09-22,Wales South - Valleys,support_worker,1
2026-09-22,Wales South - Valleys,customer_sales,3
2026-09-22,Wales South - Valleys,legal_assistant_paralegal,0
2026-09-22,Wales South - Valleys,marketing,0
2026-09-22,Wales South - Valleys,finance_accounts,2
2026-09-22,Wales South - Valleys,hr_recruitment,0
2026-09-22,Wales South - Valleys,customer_service_contact_centre,1
2026-09-22,West Midlands - Birmingham & Solihull,service_admin,11
2026-09-22,West Midlands - Birmingham & Solihull,support_worker,1
2026-09-22,West Midlands - Birmingham & Solihull,customer_sales,3
2026-09-22,West Midlands - Birmingham & Solihull,legal_assistant_paralegal,8
2026-09-22,West Midlands - Birmingham & Solihull,marketing,7
2026-09-22,West Midlands - Birmingham & Solihull,finance_accounts,11
2026-09-22,West Midlands - Birmingham & Solihull,hr_recruitment,0
2026-09-22,West Midlands - Birmingham & Solihull,customer_service_contact_centre,0
2026-09-22,West Midlands - Black Country,service_admin,6
2026-09-22,West Midlands - Black Country,support_worker,1
2026-09-22,West Midlands - Black Country,customer_sales,0
2026-09-22,West Midlands - Black Country,legal_assistant_paralegal,1
2026-09-22,West Midlands - Black Country,marketing,1
2026-09-22,West Midlands - Black Country,finance_accounts,3
2026-09-22,West Midlands - Black Country,hr_recruitment,0
2026-09-22,West Midlands - Black Country,customer_service_contact_centre,0
2026-09-22,West Midlands - Coventry & Warwickshire,service_admin,17
2026-09-22,West Midlands - Coventry & Warwickshire,support_worker,1
2026-09-22,West Midlands - Coventry & Warwickshire,customer_sales,1
2026-09-22,West Midlands - Coventry & Warwickshire,legal_assistant_paralegal,3
2026-09-22,West Midlands - Coventry & Warwickshire,marketing,5
2026-09-22,West Midlands - Coventry & Warwickshire,finance_accounts,15
2026-09-22,West Midlands - Coventry & Warwickshire,hr_recruitment,6
2026-09-22,West Midlands - Coventry & Warwickshire,customer_service_contact_centre,1
2026-09-22,Wiltshire,service_admin,8
2026-09-22,Wiltshire,support_worker,2
2026-09-22,Wiltshire,customer_sales,2
2026-09-22,Wiltshire,legal_assistant_paralegal,8
2026-09-22,Wiltshire,marketing,0
2026-09-22,Wiltshire,finance_accounts,12
2026-09-22,Wiltshire,hr_recruitment,1
2026-09-22,Wiltshire,customer_service_contact_centre,0
2026-09-22,Worcestershire,service_admin,2
2026-09-22,Worcestershire,support_worker,0
2026-09-22,Worcestershire,customer_sales,1
2026-09-22,Worcestershire,legal_assistant_paralegal,3
2026-09-22,Worcestershire,marketing,0
2026-09-22,Worcestershire,finance_accounts,7
2026-09-22,Worcestershire,hr_recruitment,2
2026-09-22,Worcestershire,customer_service_contact_centre,0
2026-09-22,Yorkshire - East,service_admin,4
2026-09-22,Yorkshire - East,support_worker,1
2026-09-22,Yorkshire - East,customer_sales,0
2026-09-22,Yorkshire - East,legal_assistant_paralegal,1
2026-09-22,Yorkshire - East,marketing,0
2026-09-22,Yorkshire - East,finance_accounts,4
2026-09-22,Yorkshire - East,hr_recruitment,0
2026-09-22,Yorkshire - East,customer_service_contact_centre,0
2026-09-22,Yorkshire - North,service_admin,8
2026-09-22,Yorkshire - North,support_worker,2
2026-09-22,Yorkshire - North,customer_sales,1
2026-09-22,Yorkshire - North,legal_assistant_paralegal,8
2026-09-22,Yorkshire - North,marketing,2
2026-09-22,Yorkshire - North,finance_accounts,16
2026-09-22,Yorkshire - North,hr_recruitment,1
2026-09-22,Yorkshire - North,customer_service_contact_centre,1
2026-09-22,Yorkshire - South,service_admin,7
2026-09-22,Yorkshire - South,support_worker,1
2026-09-22,Yorkshire - South,customer_sales,0
2026-09-22,Yorkshire - South,legal_assistant_paralegal,1
2026-09-22,Yorkshire - South,marketing,3
2026-09-22,Yorkshire - South,finance_accounts,10
2026-09-22,Yorkshire - South,hr_recruitment,2
2026-09-22,Yorkshire - South,customer_service_contact_centre,1
2026-09-22,Yorkshire - West,service_admin,22
2026-09-22,Yorkshire - West,support_worker,0
2026-09-22,Yorkshire - West,customer_sales,1
2026-09-22,Yorkshire - West,legal_assistant_paralegal,8
2026-09-22,Yorkshire - West,marketing,7
2026-09-22,Yorkshire - West,finance_accounts,30
2026-09-22,Yorkshire - West,hr_recruitment,3
2026-09-22,Yorkshire - West,customer_service_contact_centre,0
