first_seen_date,tracking_kind,source,job_id,title,location,region,category,ontap_url,apply_url
2026-09-04,newly_published,JobG8,107933061,Account Coordinator,Shropshire,Shropshire,Admin/Service – Office Support,https://www.ontapjobsearch.com/jobs/107933061,https://www.jobg8.com/Traffic.aspx?eq2PR%2bX5ctwQQ7XH2GfWedvvh8FYF6jup
2026-09-04,newly_published,JobG8,23643_225564170,Accounts Assistant,Cardiff,Wales South - Cardiff & Vale,Admin/Service – Office Support,https://www.ontapjobsearch.com/jobs/23643_225564170,https://www.jobg8.com/Traffic.aspx?aziU08XVyRHXh701bOag63alq1G3ffiGd
2026-09-04,newly_published,JobG8,1779228,Accounts Payable - TV,London,London,Finance / Accounts,https://www.ontapjobsearch.com/jobs/1779228,https://www.jobg8.com/Traffic.aspx?UzhMt9n%2bTsQpZtsXi7DzCVwx5poO82ztm
2026-09-04,newly_published,JobG8,1756792,Accounts Payable Clerk,Middlesex,London,Finance / Accounts,https://www.ontapjobsearch.com/jobs/1756792,https://www.jobg8.com/Traffic.aspx?6WDmO0cNttpLThV%2fbVJGjVTvi7Tczegda
2026-09-04,newly_published,JobG8,23643_225561675,Ad-Hoc Receptionist,Suffolk,Suffolk,Admin/Service – Office Support,https://www.ontapjobsearch.com/jobs/23643_225561675,https://www.jobg8.com/Traffic.aspx?G%2b5YiGNoEgrLNH1w5UyIyWgCJ71U1YxLn
2026-09-04,newly_published,JobG8,1734177,Admin Assistant,Inverness,North Scotland,Admin/Service – Office Support,https://www.ontapjobsearch.com/jobs/1734177,https://www.jobg8.com/Traffic.aspx?kjuUUj3TFp5cahtEyDK4K41yRW9AUK1Ag
2026-09-04,newly_published,JobG8,23643_225510925,Admin Assistant,Inverness,North Scotland,Admin/Service – Office Support,https://www.ontapjobsearch.com/jobs/23643_225510925,https://www.jobg8.com/Traffic.aspx?6WDmO0cNttpD%2fW1W6rt2TsmkX38UeEB3a
2026-09-04,newly_published,JobG8,2051713,Admin Scheduler,Newtownabbey,Northern Ireland - East,Admin/Service – Office Support,https://www.ontapjobsearch.com/jobs/2051713,https://www.jobg8.com/Traffic.aspx?Dw9iAXzSqBbEaiKrgn9A%2fuYD4Tvf62Iok
2026-09-04,newly_published,JobG8,1744003,Administrator,Glasgow,Scotland West - Glasgow,Admin/Service – Office Support,https://www.ontapjobsearch.com/jobs/1744003,https://www.jobg8.com/Traffic.aspx?QHpHeWTcrP79UxX8WUnKNH%2bV6Mzws2Ply
2026-09-04,newly_published,JobG8,1766167,Administrator,Inverness,North Scotland,Admin/Service – Office Support,https://www.ontapjobsearch.com/jobs/1766167,https://www.jobg8.com/Traffic.aspx?bZCSDJyF3N6FIlCuflWdpUwViD5aCzkAq
2026-09-04,newly_published,JobG8,23643_225564148,Administrator,London,London,Admin/Service – Office Support,https://www.ontapjobsearch.com/jobs/23643_225564148,https://www.jobg8.com/Traffic.aspx?mDcEDJmYTbza%2fFjEUcQWy9z5AKD%2bXVF8t
2026-09-04,newly_published,JobG8,23643_225565093,Administrator,Hertfordshire,Hertfordshire,Admin/Service – Office Support,https://www.ontapjobsearch.com/jobs/23643_225565093,https://www.jobg8.com/Traffic.aspx?G%2b5YiGNoEgojacm7kGhHLaYn%2bCKffuJVn
2026-09-04,newly_published,JobG8,23643_225565413,Administrator,Buckinghamshire,Buckinghamshire,Admin/Service – Office Support,https://www.ontapjobsearch.com/jobs/23643_225565413,https://www.jobg8.com/Traffic.aspx?MQiKzVwZdh3MmCm1Fvv3sPqJw1uJ1cOVu
2026-09-04,newly_published,JobG8,23643_225476459,Administrator (Audio Typist),Montrose,North Scotland,Admin/Service – Office Support,https://www.ontapjobsearch.com/jobs/23643_225476459,https://www.jobg8.com/Traffic.aspx?bZCSDJyF3N4iY67POCwooqyvwXVwdLwmq
2026-09-04,newly_published,JobG8,23643_225563154,Administrator (Construction),Leicestershire,Leicestershire,Admin/Service – Office Support,https://www.ontapjobsearch.com/jobs/23643_225563154,https://www.jobg8.com/Traffic.aspx?iZmgAWfngDx7ieqGMsydH%2bdRVOJ8z5Tff
2026-09-04,newly_published,JobG8,23643_225562097,Administrator / Planning Coordinator,Derbyshire,Derbyshire,Admin/Service – Office Support,https://www.ontapjobsearch.com/jobs/23643_225562097,https://www.jobg8.com/Traffic.aspx?UzhMt9n%2bTsT6A9VGiJ7r759nN3wEHbfLm
2026-09-04,newly_published,JobG8,1744082,Administrator to Financial Advisor,Surrey,Surrey,Admin/Service – Office Support,https://www.ontapjobsearch.com/jobs/1744082,https://www.jobg8.com/Traffic.aspx?mDcEDJmYTbyBMQ7zytjE5Ik2n2JICEDkt
2026-09-04,newly_published,JobG8,107857257,Agricultural Sales Support Coordinator,Forfar,Scotland Central - Tayside,Admin/Service – Office Support,https://www.ontapjobsearch.com/jobs/107857257,https://www.jobg8.com/Traffic.aspx?io0x8AEcaINWqvreNypYBz0O5xPgdABJo
2026-09-04,newly_published,JobG8,2048319,Appointment Setter (Telecoms),City,London,Customer Sales / Sales Advisor,https://www.ontapjobsearch.com/jobs/2048319,https://www.jobg8.com/Traffic.aspx?aziU08XVyRHpCnzNXsEv6Ye74cJwXdXVd
2026-09-04,newly_published,JobG8,1848342,Bookkeeper / Accounts Assistant,Liverpool,Merseyside - Liverpool,Admin/Service – Office Support,https://www.ontapjobsearch.com/jobs/1848342,https://www.jobg8.com/Traffic.aspx?eq2PR%2bX5ctyI5Zbz3bQbPK9XBeEFHGyZp
2026-09-04,newly_published,JobG8,419438022493208576037340,Bookkeeper / Accounts Assistant,Liverpool,Merseyside - Liverpool,Admin/Service – Office Support,https://www.ontapjobsearch.com/jobs/419438022493208576037340,https://www.jobg8.com/Traffic.aspx?aziU08XVyRF0j5e10h2UMTZknieqyI0kd
2026-09-04,newly_published,JobG8,2051637,Business Administrator,Belfast,Northern Ireland - East,Admin/Service – Office Support,https://www.ontapjobsearch.com/jobs/2051637,https://www.jobg8.com/Traffic.aspx?aIHQjUdXakO3VmOFTh70SaxhQBfCakGEr
2026-09-04,newly_published,JobG8,2051712,Business Support Officer,Newry,Northern Ireland - East,Admin/Service – Office Support,https://www.ontapjobsearch.com/jobs/2051712,https://www.jobg8.com/Traffic.aspx?G%2b5YiGNoEgrg9hiJrum07nOg2jQ9Y%2fuyn
2026-09-04,newly_published,JobG8,23643_225565080,Business Support Officer,Chelmsley Wood,West Midlands - Birmingham & Solihull,Admin/Service – Office Support,https://www.ontapjobsearch.com/jobs/23643_225565080,https://www.jobg8.com/Traffic.aspx?nbYVUHO1tX4VtvYoymSki9tzar43o85Hz
2026-09-04,newly_published,JobG8,2051396,Clerical Officers,Belfast,Northern Ireland - East,Admin/Service – Office Support,https://www.ontapjobsearch.com/jobs/2051396,https://www.jobg8.com/Traffic.aspx?Y5CHIaMSKAykRPv2bKfDiGPG4mP7vdWIv
2026-09-04,newly_published,JobG8,23643_225563591,Complaints Administrator,Devon,Devon,Admin/Service – Office Support,https://www.ontapjobsearch.com/jobs/23643_225563591,https://www.jobg8.com/Traffic.aspx?gZ0pd2TJz0IIWWecxGZguUyFlWhrzD1zs
2026-09-04,newly_published,JobG8,107923038,Complex Care Support Worker,Faversham,Kent,Support Worker – Wide,https://www.ontapjobsearch.com/jobs/107923038,https://www.jobg8.com/Traffic.aspx?QHpHeWTcrP74t9p7rP95LVC%2b2gJkBmeGy
2026-09-04,newly_published,JobG8,2050717,Contact Centre Executive,Belfast,Northern Ireland - East,Admin/Service – Office Support,https://www.ontapjobsearch.com/jobs/2050717,https://www.jobg8.com/Traffic.aspx?nbYVUHO1tX5V4o3tIQLrOTDh4QPZbT%2fyz
2026-09-04,newly_published,JobG8,107936054,Content Coordinator,London,London,Admin/Service – Office Support,https://www.ontapjobsearch.com/jobs/107936054,https://www.jobg8.com/Traffic.aspx?Dw9iAXzSqBb9Pdg1EO4mxcn8XHwRQbVEk
2026-09-04,newly_published,JobG8,107910195,Content Executive,Cambridgeshire,Cambridgeshire,Marketing,https://www.ontapjobsearch.com/jobs/107910195,https://www.jobg8.com/Traffic.aspx?Zg1fD7qgbpzXEhhEqPf01rhjFB0J4EBPe
2026-09-04,newly_published,JobG8,23643_225563009,Conveyancing Paralegal,London,London,Legal Assistant / Paralegal,https://www.ontapjobsearch.com/jobs/23643_225563009,https://www.jobg8.com/Traffic.aspx?ju9emE%2fz0VJDg7xC93ZH%2fL63RJ9qEOCxw
2026-09-04,newly_published,JobG8,1789935,Credit Controller,Cheshire,Cheshire - Warrington & Halton,Finance / Accounts,https://www.ontapjobsearch.com/jobs/1789935,https://www.jobg8.com/Traffic.aspx?iZmgAWfngDyWbW6rTOldoGFdLXcwC7Njf
2026-09-04,newly_published,JobG8,107935818,Customer Care Coordinator,Kent,Kent,Admin/Service – Office Support,https://www.ontapjobsearch.com/jobs/107935818,https://www.jobg8.com/Traffic.aspx?d1vRzEYF65To9e19nln2Ns%2f4NIyQsoGOx
2026-09-04,newly_published,JobG8,1789907,Customer Service,High Wycombe,Buckinghamshire,Customer Service / Contact Centre,https://www.ontapjobsearch.com/jobs/1789907,https://www.jobg8.com/Traffic.aspx?mDcEDJmYTbwnQbNpU5YJ2CEmvztMkqDOt
2026-09-04,newly_published,JobG8,23643_225564928,Customer Service Administrator,Hampshire,Hampshire,Admin/Service – Office Support,https://www.ontapjobsearch.com/jobs/23643_225564928,https://www.jobg8.com/Traffic.aspx?Y5CHIaMSKAzNJbXV0z5tLUrDlobGJJV7v
2026-09-04,newly_published,JobG8,1767554,Customer Service Advisor,Dundee,Scotland Central - Tayside,Admin/Service – Office Support,https://www.ontapjobsearch.com/jobs/1767554,https://www.jobg8.com/Traffic.aspx?io0x8AEcaIMFtL701l2ircI3laUMtnQ9o
2026-09-04,newly_published,JobG8,21618_20279_61680-1090fef1a0d74276851cea13699470b2,Customer Service Advisor,Pontypridd,Wales South - Valleys,Admin/Service – Office Support,https://www.ontapjobsearch.com/jobs/21618_20279_61680-1090fef1a0d74276851cea13699470b2,https://www.jobg8.com/Traffic.aspx?Zg1fD7qgbpyl1cGiq1KhqD0tlbj0CVu5e
2026-09-04,newly_published,JobG8,23643_225566529,Customer Service Advisor,Fareham,Hampshire,Customer Service / Contact Centre,https://www.ontapjobsearch.com/jobs/23643_225566529,https://www.jobg8.com/Traffic.aspx?31Q%2fsvDzOVY3QJStE5Lsxs%2bQR3aOriS4j
2026-09-04,newly_published,JobG8,23643_225568316,Customer Service Advisor (6 month contract),Not Specified,London,Customer Sales / Sales Advisor,https://www.ontapjobsearch.com/jobs/23643_225568316,https://www.jobg8.com/Traffic.aspx?Y5CHIaMSKAwSVPcyW0hmFrCGk8pOsmChv
2026-09-04,newly_published,JobG8,2050586,Customer Service Assistant,Belfast,Northern Ireland - East,Admin/Service – Office Support,https://www.ontapjobsearch.com/jobs/2050586,https://www.jobg8.com/Traffic.aspx?Yic9job4bS9unvJHdTBYR%2fsYcREAt%2bwNc
2026-09-04,newly_published,JobG8,23643_225464999,Customer Service Coordinator,Dorset,Dorset,Admin/Service – Office Support,https://www.ontapjobsearch.com/jobs/23643_225464999,https://www.jobg8.com/Traffic.aspx?Yic9job4bS%2bzQGw%2bI6wyaEMDxbM2B3pLc
2026-09-04,newly_published,JobG8,23643_225499802,Customer Service Officer,London,London,Customer Service / Contact Centre,https://www.ontapjobsearch.com/jobs/23643_225499802,https://www.jobg8.com/Traffic.aspx?UzhMt9n%2bTsS2a1VD8MiOBmveOt9UwpcAm
2026-09-04,newly_published,JobG8,21618_20279_61775-7e5b8457e0697e3319a222e1db3600fd,Customer Service Representative,Hebburn,North East,Customer Service / Contact Centre,https://www.ontapjobsearch.com/jobs/21618_20279_61775-7e5b8457e0697e3319a222e1db3600fd,https://www.jobg8.com/Traffic.aspx?G%2b5YiGNoEgqrSkE%2flvp%2byGFeyzsEcnnun
2026-09-04,newly_published,JobG8,23643_225544991,Data Protection Administrator,Dundee,Scotland Central - Tayside,Admin/Service – Office Support,https://www.ontapjobsearch.com/jobs/23643_225544991,https://www.jobg8.com/Traffic.aspx?UzhMt9n%2bTsSO1F4KKD0jDxssn92KaKGGm
2026-09-04,newly_published,JobG8,1707231,Digital Analyst / Senior Digital Analyst,Merseyside,Merseyside - Liverpool,Marketing,https://www.ontapjobsearch.com/jobs/1707231,https://www.jobg8.com/Traffic.aspx?vAYWCB8ag%2fjn63FU4jenNkLtJ03kCguKi
2026-09-04,newly_published,JobG8,23643_225464435,Digital Content Developer (Junior),Oxfordshire,Oxfordshire,Marketing,https://www.ontapjobsearch.com/jobs/23643_225464435,https://www.jobg8.com/Traffic.aspx?QHpHeWTcrP4LvV%2fp671l4E4GGiXFcVLOy
2026-09-04,newly_published,JobG8,107870553,Digital Content Officer,Merseyside,Merseyside - Liverpool,Marketing,https://www.ontapjobsearch.com/jobs/107870553,https://www.jobg8.com/Traffic.aspx?6WDmO0cNttrk1cLFnuGshdloAFIcc9B6a
2026-09-04,newly_published,JobG8,1769480,Digital Content Officer,Merseyside,Merseyside - Liverpool,Marketing,https://www.ontapjobsearch.com/jobs/1769480,https://www.jobg8.com/Traffic.aspx?G%2b5YiGNoEgqayy8YOpKCNbmldRFVfV2dn
2026-09-04,newly_published,JobG8,179950371190341632037340,Digital Marketing Assistant Manager,Liverpool,Merseyside - Liverpool,Marketing,https://www.ontapjobsearch.com/jobs/179950371190341632037340,https://www.jobg8.com/Traffic.aspx?MQiKzVwZdh1ZtfDF7TQyvq%2f3XzGNxPS5u
2026-09-04,newly_published,JobG8,1839653,Digital Marketing Assistant Manager,Merseyside,Merseyside - Liverpool,Marketing,https://www.ontapjobsearch.com/jobs/1839653,https://www.jobg8.com/Traffic.aspx?b0ZSEQFKUCJcZ1M1j%2f%2bPqGCdSrJ37Bw9l
2026-09-04,newly_published,JobG8,107760267,Digital Marketing Executive,Cheshire,Cheshire - West,Marketing,https://www.ontapjobsearch.com/jobs/107760267,https://www.jobg8.com/Traffic.aspx?nbYVUHO1tX6Ztd5xFofRRAWjwb8466Uoz
2026-09-04,newly_published,JobG8,107833343,Digital Marketing Executive,Cheshire,Cheshire - West,Marketing,https://www.ontapjobsearch.com/jobs/107833343,https://www.jobg8.com/Traffic.aspx?aziU08XVyREp4Jr5HKdjsyrK6Xh5MA4Yd
2026-09-04,newly_published,JobG8,23643_225522494,Dispatch Administrator,Forfar,Scotland Central - Tayside,Admin/Service – Office Support,https://www.ontapjobsearch.com/jobs/23643_225522494,https://www.jobg8.com/Traffic.aspx?Yic9job4bS8rNasmxhjtweXbV6A40Bl6c
2026-09-04,newly_published,JobG8,107933358,Early Careers Coordinator,Bedfordshire,Bedfordshire,Admin/Service – Office Support,https://www.ontapjobsearch.com/jobs/107933358,https://www.jobg8.com/Traffic.aspx?kjuUUj3TFp6S5vuVyDg%2fSn215Njd%2fUdvg
2026-09-04,newly_published,JobG8,1704606,Ecommerce Account Manager,Tyne And Wear,North East,Marketing,https://www.ontapjobsearch.com/jobs/1704606,https://www.jobg8.com/Traffic.aspx?31Q%2fsvDzOVbXw8QBxuT3f6ojM1bNIFWfj
2026-09-04,newly_published,JobG8,107881402,Ecommerce Content Assistant,Cambridgeshire,Cambridgeshire,Marketing,https://www.ontapjobsearch.com/jobs/107881402,https://www.jobg8.com/Traffic.aspx?MQiKzVwZdh23knSaIgpNC0IbOSCImp4vu
2026-09-04,newly_published,JobG8,23643_225512635,Education Administrator,London,London,Admin/Service – Office Support,https://www.ontapjobsearch.com/jobs/23643_225512635,https://www.jobg8.com/Traffic.aspx?1tcg6Aj2zaz3UAr0ZKXJrFviDqCKMUnVb
2026-09-04,newly_published,JobG8,107935265,Enterprise Account Executive Mission Critical Software,Not Specified,Greater Manchester - Manchester & Salford,Customer Sales / Sales Advisor,https://www.ontapjobsearch.com/jobs/107935265,https://www.jobg8.com/Traffic.aspx?Dw9iAXzSqBZL0hkDc62VpH7Y%2bOAyNQMmk
2026-09-04,newly_published,JobG8,107931938,Enterprise Account Executive SaaS,Not Specified,Berkshire,Customer Sales / Sales Advisor,https://www.ontapjobsearch.com/jobs/107931938,https://www.jobg8.com/Traffic.aspx?io0x8AEcaIN2C4K1oIvxvJBuSw9V4dfMo
2026-09-04,newly_published,JobG8,1854985,Executive Assistant and Board Administrator,London,London,Admin/Service – Office Support,https://www.ontapjobsearch.com/jobs/1854985,https://www.jobg8.com/Traffic.aspx?1tcg6Aj2zaxCqzXdjab7Pua6CcIx9DaOb
2026-09-04,newly_published,JobG8,1744069,Finance Assistant,Worcestershire,Worcestershire,Admin/Service – Office Support,https://www.ontapjobsearch.com/jobs/1744069,https://www.jobg8.com/Traffic.aspx?Yic9job4bS9UsObz6gUYdEdS022RNuaRc
2026-09-04,newly_published,JobG8,107776582,Freelance Paid Social Manager,Merseyside,Merseyside - Liverpool,Marketing,https://www.ontapjobsearch.com/jobs/107776582,https://www.jobg8.com/Traffic.aspx?Yic9job4bS%2fEkaiCp33XfzEuuvgV56W2c
2026-09-04,newly_published,JobG8,23643_225568322,Insurance Administrator Friendly team + 25 days A/L,Kent,Kent,Admin/Service – Office Support,https://www.ontapjobsearch.com/jobs/23643_225568322,https://www.jobg8.com/Traffic.aspx?ju9emE%2fz0VLsCFzWU5XVnNqJS%2fYzZvM5w
2026-09-04,newly_published,JobG8,1851233,Interim Public Affairs and Media Manager,London,London,Marketing,https://www.ontapjobsearch.com/jobs/1851233,https://www.jobg8.com/Traffic.aspx?d1vRzEYF65RU6oEZItOKc9dt8gX5v%2b6Ix
2026-09-04,newly_published,JobG8,23643_225564678,Internal Sales Coordinator,Brighton,Sussex,Customer Sales / Sales Advisor,https://www.ontapjobsearch.com/jobs/23643_225564678,https://www.jobg8.com/Traffic.aspx?1tcg6Aj2zayiFNkUVvPytswBnUz3dj9fb
2026-09-04,newly_published,JobG8,1785817,IT Helpdesk Analyst Apprentice,Aberdeen,North Scotland,Admin/Service – Office Support,https://www.ontapjobsearch.com/jobs/1785817,https://www.jobg8.com/Traffic.aspx?mDcEDJmYTbyqr96k%2fKvUKaUTptIERNBpt
2026-09-04,newly_published,JobG8,107791604,Key Account Coordinator and Customer Support,Cardiff,Wales South - Cardiff & Vale,Admin/Service – Office Support,https://www.ontapjobsearch.com/jobs/107791604,https://www.jobg8.com/Traffic.aspx?vAYWCB8ag%2fgFjUCrijSONACBDCGprR%2bqi
2026-09-04,newly_published,JobG8,107798840,Lifestyle Photographer and Content Creator,Essex,Essex,Marketing,https://www.ontapjobsearch.com/jobs/107798840,https://www.jobg8.com/Traffic.aspx?aziU08XVyRF%2f2L6UevfCKAUVfXqkvBR%2bd
2026-09-04,newly_published,JobG8,107928946,Marketing & Customer Support Manager,Birmingham,West Midlands - Birmingham & Solihull,Marketing,https://www.ontapjobsearch.com/jobs/107928946,https://www.jobg8.com/Traffic.aspx?nbYVUHO1tX6oo7lgG9gVbctAjhogEAtJz
2026-09-04,newly_published,JobG8,107906174,Marketing Assistant,Oxfordshire,Oxfordshire,Marketing,https://www.ontapjobsearch.com/jobs/107906174,https://www.jobg8.com/Traffic.aspx?b0ZSEQFKUCKSM7%2fm%2fWIaNHMkmZ5mF9w4l
2026-09-04,newly_published,JobG8,23643_225513399,Marketing Business Partner,County Durham,North East,Marketing,https://www.ontapjobsearch.com/jobs/23643_225513399,https://www.jobg8.com/Traffic.aspx?31Q%2fsvDzOVbAjmGaMiSNGsvJxoBAzBn7j
2026-09-04,newly_published,JobG8,107800641,Marketing Communications Coordinator,Cheshire,Cheshire - West,Marketing,https://www.ontapjobsearch.com/jobs/107800641,https://www.jobg8.com/Traffic.aspx?Zg1fD7qgbpy%2frLsHiJc4FJZojsSHorWPe
2026-09-04,newly_published,JobG8,107755862,Marketing Executive,Tyne And Wear,North East,Marketing,https://www.ontapjobsearch.com/jobs/107755862,https://www.jobg8.com/Traffic.aspx?aIHQjUdXakPx5iZUrnvAcnb4nHO%2fPc8Ar
2026-09-04,newly_published,JobG8,107878737,Marketing Executive,County Durham,North East,Marketing,https://www.ontapjobsearch.com/jobs/107878737,https://www.jobg8.com/Traffic.aspx?aziU08XVyREgc4dr6QqaOK%2foIjfA0XeNd
2026-09-04,newly_published,JobG8,107758504,Marketing Manager,Cambridgeshire,Cambridgeshire,Marketing,https://www.ontapjobsearch.com/jobs/107758504,https://www.jobg8.com/Traffic.aspx?aziU08XVyRE%2bcQLfbe0yS%2b9s1tHBISdsd
2026-09-04,newly_published,JobG8,1769115,Marketing Manager,Cheshire,Cheshire - West,Marketing,https://www.ontapjobsearch.com/jobs/1769115,https://www.jobg8.com/Traffic.aspx?1tcg6Aj2zayL9%2bDU5%2bnfxUyEWEcKrmmEb
2026-09-04,newly_published,JobG8,23643_225488811,Marketing Manager,Tyne And Wear,North East,Marketing,https://www.ontapjobsearch.com/jobs/23643_225488811,https://www.jobg8.com/Traffic.aspx?vAYWCB8ag%2fhV8fKUK2pinENIy22ZUruei
2026-09-04,newly_published,JobG8,23643_225563051,Marketing Manager,London,London,Marketing,https://www.ontapjobsearch.com/jobs/23643_225563051,https://www.jobg8.com/Traffic.aspx?ju9emE%2fz0VIOEATZa90an31E%2btARfkWXw
2026-09-04,newly_published,JobG8,23643_225566815,Medical Receptionist,London,London,Admin/Service – Office Support,https://www.ontapjobsearch.com/jobs/23643_225566815,https://www.jobg8.com/Traffic.aspx?d1vRzEYF65RsuWEaS8FeLopdFJlbJyr%2bx
2026-09-04,newly_published,JobG8,2051645,Medical Receptionist (17.5 hrs pw),Belfast,Northern Ireland - East,Admin/Service – Office Support,https://www.ontapjobsearch.com/jobs/2051645,https://www.jobg8.com/Traffic.aspx?31Q%2fsvDzOVYLtNxwk67XDWlCcebMtI0mj
2026-09-04,newly_published,JobG8,2050449,Medical Receptionist (21.5 hrs pw),Newtownabbey,Northern Ireland - East,Admin/Service – Office Support,https://www.ontapjobsearch.com/jobs/2050449,https://www.jobg8.com/Traffic.aspx?Y5CHIaMSKAx0USKqlFCKEjuSslM3dbMHv
2026-09-04,newly_published,JobG8,2049936,Medical Receptionist (37.5 hrs pw),Belfast,Northern Ireland - East,Admin/Service – Office Support,https://www.ontapjobsearch.com/jobs/2049936,https://www.jobg8.com/Traffic.aspx?vAYWCB8ag%2fgn1%2b2djGGYSp030yLQIOWoi
2026-09-04,newly_published,JobG8,23643_225561914,Member Events Coordinator,London,London,Admin/Service – Office Support,https://www.ontapjobsearch.com/jobs/23643_225561914,https://www.jobg8.com/Traffic.aspx?aziU08XVyRF%2bWj%2fhdEneIqupUVEVwECRd
2026-09-04,newly_published,JobG8,23643_225564863,Merchandise Administrator,Hertfordshire,Hertfordshire,Admin/Service – Office Support,https://www.ontapjobsearch.com/jobs/23643_225564863,https://www.jobg8.com/Traffic.aspx?Yic9job4bS%2fO4Xaa8%2bB0bSPQWNpVQA3Vc
2026-09-04,newly_published,JobG8,107807755,Music PR Assistant,Cambridgeshire,Cambridgeshire,Marketing,https://www.ontapjobsearch.com/jobs/107807755,https://www.jobg8.com/Traffic.aspx?Y5CHIaMSKAz%2b79pfYzeMIcOStYP3q%2btJv
2026-09-04,newly_published,JobG8,23643_225564744,Office Administrator,Essex,Essex,Admin/Service – Office Support,https://www.ontapjobsearch.com/jobs/23643_225564744,https://www.jobg8.com/Traffic.aspx?d1vRzEYF65QUtffX2WRZCsd6sOuRd9Smx
2026-09-04,newly_published,JobG8,23643_225566708,Office Administrators,Hampshire,Hampshire,Admin/Service – Office Support,https://www.ontapjobsearch.com/jobs/23643_225566708,https://www.jobg8.com/Traffic.aspx?QHpHeWTcrP4HifA3qqaiP3%2fXHGDf5k5Fy
2026-09-04,newly_published,JobG8,107925904,Onsite Recruitment Account Coordinator,Warwickshire,West Midlands - Coventry & Warwickshire,Admin/Service – Office Support,https://www.ontapjobsearch.com/jobs/107925904,https://www.jobg8.com/Traffic.aspx?kjuUUj3TFp7tfm89HW3aFtJCNKghVLtbg
2026-09-04,newly_published,JobG8,23643_225564132,Operations Administrator,Bedfordshire,Bedfordshire,Admin/Service – Office Support,https://www.ontapjobsearch.com/jobs/23643_225564132,https://www.jobg8.com/Traffic.aspx?eq2PR%2bX5ctzc8iS%2f56KPxhPQp9bEBqiVp
2026-09-04,newly_published,JobG8,23643_225565627,Operations Administrator,London,London,Admin/Service – Office Support,https://www.ontapjobsearch.com/jobs/23643_225565627,https://www.jobg8.com/Traffic.aspx?kjuUUj3TFp7up2I31i26sflk20Dnb72lg
2026-09-04,newly_published,JobG8,23643_225566200,Operations Assistant,Surrey,Surrey,Admin/Service – Office Support,https://www.ontapjobsearch.com/jobs/23643_225566200,https://www.jobg8.com/Traffic.aspx?wTAUM266l6fDyaaoA2oaYGo1PFX%2fLaU%2bh
2026-09-04,newly_published,JobG8,23643_225566284,"PA - Commercial, Technology & IP",Leicestershire,Leicestershire,Admin/Service – Office Support,https://www.ontapjobsearch.com/jobs/23643_225566284,https://www.jobg8.com/Traffic.aspx?vAYWCB8ag%2fihvf8t%2fWvld774OAcLToD3i
2026-09-04,newly_published,JobG8,107933434,Paid Media Executive Hybrid,Manchester,Greater Manchester - Manchester & Salford,Marketing,https://www.ontapjobsearch.com/jobs/107933434,https://www.jobg8.com/Traffic.aspx?G%2b5YiGNoEgrhoQiqJedptj4nZ0AlRGK%2fn
2026-09-04,newly_published,JobG8,1775352,Paid Media Manager,Essex,Essex,Marketing,https://www.ontapjobsearch.com/jobs/1775352,https://www.jobg8.com/Traffic.aspx?Yic9job4bS%2fqdIMnghYfXFHkE7dBgY3xc
2026-09-04,newly_published,JobG8,23643_225563125,Part time Administrator Xero essential,Kent,Kent,Admin/Service – Office Support,https://www.ontapjobsearch.com/jobs/23643_225563125,https://www.jobg8.com/Traffic.aspx?kjuUUj3TFp5bmoVkAbSZFTAKoGJM0sbig
2026-09-04,newly_published,JobG8,23643_225474675,Part-time Payroll Administrator,Cheshire,Cheshire - Warrington & Halton,Finance / Accounts,https://www.ontapjobsearch.com/jobs/23643_225474675,https://www.jobg8.com/Traffic.aspx?Y5CHIaMSKAwtU4Xq2dSQYlMa%2fcPrdgJjv
2026-09-04,newly_published,JobG8,107812530,Payroll & Business Support Administrator,Cheshire,Cheshire - Warrington & Halton,Finance / Accounts,https://www.ontapjobsearch.com/jobs/107812530,https://www.jobg8.com/Traffic.aspx?mDcEDJmYTbwqWjq%2fmGRH6tcknBNX%2fpV3t
2026-09-04,newly_published,JobG8,23643_225469878,Payroll & Business Support Administrator,Warrington,Cheshire - Warrington & Halton,Finance / Accounts,https://www.ontapjobsearch.com/jobs/23643_225469878,https://www.jobg8.com/Traffic.aspx?bZCSDJyF3N7lLqhAol98RBpIkyjHjRvJq
2026-09-04,newly_published,JobG8,1756871,Payroll Administrator,Cheshire,Cheshire - Warrington & Halton,Finance / Accounts,https://www.ontapjobsearch.com/jobs/1756871,https://www.jobg8.com/Traffic.aspx?vAYWCB8ag%2fhAgCHTlthkyLiNuZHI7ZVfi
2026-09-04,newly_published,JobG8,1785724,Payroll Administrator (9 to 12 Month Fixed Term Contract),Cheshire,Cheshire - Warrington & Halton,Finance / Accounts,https://www.ontapjobsearch.com/jobs/1785724,https://www.jobg8.com/Traffic.aspx?Dw9iAXzSqBY7i4YQonUzrdj24hq0Naxuk
2026-09-04,newly_published,JobG8,23643_225566715,Personal Assistant,Worcestershire,Worcestershire,Admin/Service – Office Support,https://www.ontapjobsearch.com/jobs/23643_225566715,https://www.jobg8.com/Traffic.aspx?UzhMt9n%2bTsSgV54pmxBPOsdz5ZsHslLIm
2026-09-04,newly_published,JobG8,23643_225563140,Planner - Social Housing,Brentford,London,Admin/Service – Office Support,https://www.ontapjobsearch.com/jobs/23643_225563140,https://www.jobg8.com/Traffic.aspx?31Q%2fsvDzOVZangDw9cjCngbRqFkmrYRdj
2026-09-04,newly_published,JobG8,23643_225565833,Property Maintenance Administrator,Somerset,Somerset,Admin/Service – Office Support,https://www.ontapjobsearch.com/jobs/23643_225565833,https://www.jobg8.com/Traffic.aspx?iZmgAWfngDxjM2c%2ffgXTQ3G5fqNAWhgpf
2026-09-04,newly_published,JobG8,1703609,Purchase Ledger Clerk,London,London,Finance / Accounts,https://www.ontapjobsearch.com/jobs/1703609,https://www.jobg8.com/Traffic.aspx?aIHQjUdXakO7PLUHJnGp2QwaA9hivSmjr
2026-09-04,newly_published,JobG8,23643_225467816,Receptionist,Dundee,Scotland Central - Tayside,Admin/Service – Office Support,https://www.ontapjobsearch.com/jobs/23643_225467816,https://www.jobg8.com/Traffic.aspx?Dw9iAXzSqBbKIHKD2MHGh3gkF48e9Yn0k
2026-09-04,newly_published,JobG8,23643_225563421,Receptionist,Edinburgh,Scotland Central - Edinburgh & Lothians,Admin/Service – Office Support,https://www.ontapjobsearch.com/jobs/23643_225563421,https://www.jobg8.com/Traffic.aspx?nbYVUHO1tX7h2IKi2U4cJoNgnRhsWTjoz
2026-09-04,newly_published,JobG8,2048235,Receptionist/ Administrator (30-37.5 hrs per week),Belfast,Northern Ireland - East,Admin/Service – Office Support,https://www.ontapjobsearch.com/jobs/2048235,https://www.jobg8.com/Traffic.aspx?Dw9iAXzSqBaC8BtQJYijVk%2fGhn2zw6A6k
2026-09-04,newly_published,JobG8,23643_225564118,Receptionist/ Front of House,Hampshire,Hampshire,Admin/Service – Office Support,https://www.ontapjobsearch.com/jobs/23643_225564118,https://www.jobg8.com/Traffic.aspx?gZ0pd2TJz0I%2bOL83iXQ%2bpXePtwGrv6dQs
2026-09-04,newly_published,JobG8,107919491,Recovery Coordinator,Norfolk,Norfolk,Admin/Service – Office Support,https://www.ontapjobsearch.com/jobs/107919491,https://www.jobg8.com/Traffic.aspx?ju9emE%2fz0VKMoT3tJNIKBQtca%2bTUVSZ9w
2026-09-04,newly_published,JobG8,107910153,Retail Brand Ambassador & Content Creator,Somerset,Bristol & Bath,Marketing,https://www.ontapjobsearch.com/jobs/107910153,https://www.jobg8.com/Traffic.aspx?d1vRzEYF65QbnxIFKuSoOF8aoR8agfQMx
2026-09-04,newly_published,JobG8,23643_225563636,Sales & Operations Coordinator,Sheffield,Yorkshire - South,Admin/Service – Office Support,https://www.ontapjobsearch.com/jobs/23643_225563636,https://www.jobg8.com/Traffic.aspx?bZCSDJyF3N7YvS40h3xaOhOm3%2f2Cr3sQq
2026-09-04,newly_published,JobG8,107922303,Sales Coordinator,Ballyclare,Northern Ireland - East,Admin/Service – Office Support,https://www.ontapjobsearch.com/jobs/107922303,https://www.jobg8.com/Traffic.aspx?Y5CHIaMSKAy8EwQxMCDr%2bBFACM77yR0Dv
2026-09-04,newly_published,JobG8,107758225,Sales Executive,Epsom,Surrey,Customer Sales / Sales Advisor,https://www.ontapjobsearch.com/jobs/107758225,https://www.jobg8.com/Traffic.aspx?eq2PR%2bX5ctwXfSXwmDZ3GeAGRDa1JcgZp
2026-09-04,newly_published,JobG8,107820486,Sales Executive,Sevenoaks,Kent,Customer Sales / Sales Advisor,https://www.ontapjobsearch.com/jobs/107820486,https://www.jobg8.com/Traffic.aspx?mDcEDJmYTbzL3VbXarYbxbL9FJPOL%2bNst
2026-09-04,newly_published,JobG8,21618_8148_446,Sales Executive - Corporate,City,London,Customer Sales / Sales Advisor,https://www.ontapjobsearch.com/jobs/21618_8148_446,https://www.jobg8.com/Traffic.aspx?ju9emE%2fz0VJvu%2bYRp%2fa9JrOIavfvgPT2w
2026-09-04,newly_published,JobG8,8148_440,Sales Executive - Corporate,City,London,Customer Sales / Sales Advisor,https://www.ontapjobsearch.com/jobs/8148_440,https://www.jobg8.com/Traffic.aspx?1tcg6Aj2zaynYGXqcjGkhK50xgZhoChYb
2026-09-04,newly_published,JobG8,107901150,Sales Executive- uncapped commission,Redhill,Surrey,Customer Sales / Sales Advisor,https://www.ontapjobsearch.com/jobs/107901150,https://www.jobg8.com/Traffic.aspx?bZCSDJyF3N4hNSilDj79lCJ8E1fZN1K1q
2026-09-04,newly_published,JobG8,2051485,Sales Support Admin (Maternity Cover),Belfast,Northern Ireland - East,Admin/Service – Office Support,https://www.ontapjobsearch.com/jobs/2051485,https://www.jobg8.com/Traffic.aspx?1tcg6Aj2zaweFcjB6qqVBhPBv1Hym%2f8Pb
2026-09-04,newly_published,JobG8,107911259,Senior digital marketing officer,Cambridgeshire,Cambridgeshire,Marketing,https://www.ontapjobsearch.com/jobs/107911259,https://www.jobg8.com/Traffic.aspx?Yic9job4bS%2fWQlozeyJq5Mg15p4bYwp9c
2026-09-04,newly_published,JobG8,107929765,Senior Ecommerce Executive,Cheshire,Cheshire - West,Marketing,https://www.ontapjobsearch.com/jobs/107929765,https://www.jobg8.com/Traffic.aspx?vAYWCB8ag%2fgDpGv%2b9vXlLhjrEFgl%2fOYyi
2026-09-04,newly_published,JobG8,107898262,Senior Events and Marketing Executive (13-month Secondment/FTC),Somerset,Bristol & Bath,Marketing,https://www.ontapjobsearch.com/jobs/107898262,https://www.jobg8.com/Traffic.aspx?Zg1fD7qgbpwTDmJ3v7rPi7YcPEm7gBdQe
2026-09-04,newly_published,JobG8,107906533,Senior Marketing Executive,Cambridgeshire,Cambridgeshire,Marketing,https://www.ontapjobsearch.com/jobs/107906533,https://www.jobg8.com/Traffic.aspx?Dw9iAXzSqBbloskjPuhxZbHBjzPsyTXkk
2026-09-04,newly_published,JobG8,107934873,Senior PPC Strategist,Manchester,Greater Manchester - Manchester & Salford,Marketing,https://www.ontapjobsearch.com/jobs/107934873,https://www.jobg8.com/Traffic.aspx?Zg1fD7qgbpzfMXO8z%2b2ue5SLQqWbCtCle
2026-09-04,newly_published,JobG8,107820568,Senior Social Media Executive,Essex,Essex,Marketing,https://www.ontapjobsearch.com/jobs/107820568,https://www.jobg8.com/Traffic.aspx?bZCSDJyF3N4FekUFo5bo%2fWeuWxQ4DoTKq
2026-09-04,newly_published,JobG8,23643_225475885,Senior Social Media Executive,Essex,Essex,Marketing,https://www.ontapjobsearch.com/jobs/23643_225475885,https://www.jobg8.com/Traffic.aspx?b0ZSEQFKUCLOpwH9t6YNoBZA7EkY9Aayl
2026-09-04,newly_published,JobG8,107809507,Senior Technical SEO Executive 6 month FTC Hybrid,Cheshire,Cheshire - West,Marketing,https://www.ontapjobsearch.com/jobs/107809507,https://www.jobg8.com/Traffic.aspx?vAYWCB8ag%2fhQPz0OFPF1fiYNqpFtqASbi
2026-09-04,newly_published,JobG8,1703629,SEO Executive,Essex,Essex,Marketing,https://www.ontapjobsearch.com/jobs/1703629,https://www.jobg8.com/Traffic.aspx?Yic9job4bS9iOhz09GVYuWZd38kxkYFqc
2026-09-04,newly_published,JobG8,23643_225563194,Service Co-ordinator,Dewsbury,Yorkshire - West,Admin/Service – Office Support,https://www.ontapjobsearch.com/jobs/23643_225563194,https://www.jobg8.com/Traffic.aspx?aziU08XVyRETlifCsSCcoBfhhsivbgLOd
2026-09-04,newly_published,JobG8,23643_225565298,Service Coordinator,Gloucestershire,Gloucestershire,Admin/Service – Office Support,https://www.ontapjobsearch.com/jobs/23643_225565298,https://www.jobg8.com/Traffic.aspx?Zg1fD7qgbpxtZizH0vgqy6KWZkqJad1ie
2026-09-04,newly_published,JobG8,1743976,Social Care Assistant,Newcastle Upon Tyne,North East,Support Worker – Wide,https://www.ontapjobsearch.com/jobs/1743976,https://www.jobg8.com/Traffic.aspx?Y5CHIaMSKAwVgLVdFlwTmFTs%2ffNJIrOyv
2026-09-04,newly_published,JobG8,23643_225397700,Stock Data Administrator,Hampshire,Hampshire,Admin/Service – Office Support,https://www.ontapjobsearch.com/jobs/23643_225397700,https://www.jobg8.com/Traffic.aspx?Dw9iAXzSqBbr37lg5tx%2fCCBe9VddQh4xk
2026-09-04,newly_published,JobG8,107932522,Support Services Coordinator - Care Leavers,Northamptonshire,Northamptonshire,Admin/Service – Office Support,https://www.ontapjobsearch.com/jobs/107932522,https://www.jobg8.com/Traffic.aspx?Dw9iAXzSqBaz5T50eHWecyj4UfKtG%2fzAk
2026-09-04,newly_published,JobG8,2049628,Support Worker - Day Centre Belfast,City,London,Support Worker – Wide,https://www.ontapjobsearch.com/jobs/2049628,https://www.jobg8.com/Traffic.aspx?b0ZSEQFKUCIdWULTmnr3lL0VODhd0a%2bwl
2026-09-04,newly_published,JobG8,107861416,Technical SEO Specialist,Merseyside,Merseyside - Liverpool,Marketing,https://www.ontapjobsearch.com/jobs/107861416,https://www.jobg8.com/Traffic.aspx?31Q%2fsvDzOVbjzQxiYqkel6zNG%2fCfkYDAj
2026-09-04,newly_published,JobG8,1744080,Temporary Accounts Payable Administrator,Gloucestershire,Gloucestershire,Admin/Service – Office Support,https://www.ontapjobsearch.com/jobs/1744080,https://www.jobg8.com/Traffic.aspx?Y5CHIaMSKAz8MSnCoakMuAH675cdr3mjv
2026-09-04,newly_published,JobG8,23643_225454172,TikTok Content Creator & Live Host,Liverpool,Merseyside - Liverpool,Marketing,https://www.ontapjobsearch.com/jobs/23643_225454172,https://www.jobg8.com/Traffic.aspx?nbYVUHO1tX5tGHSwuTpYt%2fw9V8USLaKTz
2026-09-04,newly_published,JobG8,23643_225563467,Town Planner,Edinburgh,Scotland Central - Edinburgh & Lothians,Admin/Service – Office Support,https://www.ontapjobsearch.com/jobs/23643_225563467,https://www.jobg8.com/Traffic.aspx?6WDmO0cNttp6dNX0uPMxvNytixSGXbSNa
2026-09-04,newly_published,JobG8,107765788,UFHS - CRM and Marketing Manager,Essex,Essex,Marketing,https://www.ontapjobsearch.com/jobs/107765788,https://www.jobg8.com/Traffic.aspx?6WDmO0cNttoRPXSxerwIjlFht%2fK4IpM6a
2026-09-04,newly_published,JobG8,1775982,UFHS - CRM and Marketing Manager,Essex,Essex,Marketing,https://www.ontapjobsearch.com/jobs/1775982,https://www.jobg8.com/Traffic.aspx?1tcg6Aj2zawDnK4WtngVIo5NA26ukXWZb
2026-09-04,newly_published,NEJobs,nejobs-301079,Active Sunderland Weight Management Support Officer,Sunderland City Council,North East,Admin/Service – Office Support,https://www.ontapjobsearch.com/jobs/nejobs-301079,https://www.northeastjobs.org.uk/job/Active_Sunderland_Weight_Management_Support_Officer/301079?utm_source=ontap&utm_medium=referral&utm_campaign=nejobs_pilot
2026-09-04,newly_published,NEJobs,nejobs-301338,Administrative Assistant - Level 1,"Lemington Riverside, Rokeby Street, Newcastle upon Tyne, NE15 8RR",North East,Admin/Service – Office Support,https://www.ontapjobsearch.com/jobs/nejobs-301338,https://www.northeastjobs.org.uk/job/Administrative_Assistant_Level_1/301338?utm_source=ontap&utm_medium=referral&utm_campaign=nejobs_pilot
2026-09-04,newly_published,NEJobs,nejobs-301377,Business Support Assistant - Children's Social Care,Sunderland,North East,Admin/Service – Office Support,https://www.ontapjobsearch.com/jobs/nejobs-301377,https://www.northeastjobs.org.uk/job/Business_Support_Assistant_Children_s_Social_Care/301377?utm_source=ontap&utm_medium=referral&utm_campaign=nejobs_pilot
2026-09-04,newly_published,NEJobs,nejobs-301438,Customer Service Advisor x 2 Posts,South Tyneside Council,North East,Admin/Service – Office Support,https://www.ontapjobsearch.com/jobs/nejobs-301438,https://www.northeastjobs.org.uk/job/Customer_Service_Advisor_x_2_Posts/301438?utm_source=ontap&utm_medium=referral&utm_campaign=nejobs_pilot
2026-09-04,newly_published,NEJobs,nejobs-301481,Passenger Transport Administration Assistant,"Corten House, Durham",North East,Admin/Service – Office Support,https://www.ontapjobsearch.com/jobs/nejobs-301481,https://www.northeastjobs.org.uk/job/Passenger_Transport_Administration_Assistant/301481?utm_source=ontap&utm_medium=referral&utm_campaign=nejobs_pilot
2026-09-04,newly_published,NHS Jobs,nhs-5577304,Admin Assistant - Bank - Care Home,"High Wycombe, HP11 2LJ",Buckinghamshire,Unspecified,https://www.ontapjobsearch.com/jobs/nhs-5577304,https://beta.jobs.nhs.uk/candidate/jobadvert/E0177-26-9652
2026-09-04,newly_published,NHS Jobs,nhs-5576237,Administrator,"Darlington, DL1 5TH",North East,Unspecified,https://www.ontapjobsearch.com/jobs/nhs-5576237,https://beta.jobs.nhs.uk/candidate/jobadvert/E0132-26-1997
2026-09-04,newly_published,NHS Jobs,nhs-5576517,Administrator,"Worthing, BN11 2DH",Sussex,Unspecified,https://www.ontapjobsearch.com/jobs/nhs-5576517,https://beta.jobs.nhs.uk/candidate/jobadvert/C9150-26-0535
2026-09-04,newly_published,NHS Jobs,nhs-5576640,Administrator,"Lincoln, LN2 5HR",Lincolnshire,Unspecified,https://www.ontapjobsearch.com/jobs/nhs-5576640,https://beta.jobs.nhs.uk/candidate/jobadvert/A1970-26-0006
2026-09-04,newly_published,NHS Jobs,nhs-5577835,Administrator,"Oxford, OX2 8TA",Oxfordshire,Unspecified,https://www.ontapjobsearch.com/jobs/nhs-5577835,https://beta.jobs.nhs.uk/candidate/jobadvert/C9267-26-1023
2026-09-04,newly_published,NHS Jobs,nhs-5577957,Administrator,"Portsmouth, PO4 8TA",Hampshire,Unspecified,https://www.ontapjobsearch.com/jobs/nhs-5577957,https://beta.jobs.nhs.uk/candidate/jobadvert/A3415-26-0006
2026-09-04,newly_published,NHS Jobs,nhs-5575794,Business Support Administrator,"Dundee, DD3 9AG",Scotland Central - Tayside,Unspecified,https://www.ontapjobsearch.com/jobs/nhs-5575794,https://beta.jobs.nhs.uk/candidate/jobadvert/E0233-26-1854
2026-09-04,newly_published,NHS Jobs,nhs-5578882,Business Support Officer,"Birmingham, B37 7YN",West Midlands - Birmingham & Solihull,Unspecified,https://www.ontapjobsearch.com/jobs/nhs-5578882,https://beta.jobs.nhs.uk/candidate/jobadvert/C9455-26-0618
2026-09-04,newly_published,NHS Jobs,nhs-5579012,Business Support Officer,"London, HA0 4UZ",London,Unspecified,https://www.ontapjobsearch.com/jobs/nhs-5579012,https://beta.jobs.nhs.uk/candidate/jobadvert/C9824-26-0784
2026-09-04,newly_published,NHS Jobs,nhs-5577774,Clerical Officer/Receptionist,"Leeds, LS1 3EX",Yorkshire - West,Unspecified,https://www.ontapjobsearch.com/jobs/nhs-5577774,https://beta.jobs.nhs.uk/candidate/jobadvert/C9298-26-0885
2026-09-04,newly_published,NHS Jobs,nhs-5573609,"Forensic Administrator - Littlemore, Oxford","Oxford, OX4 4XN",Oxfordshire,Unspecified,https://www.ontapjobsearch.com/jobs/nhs-5573609,https://beta.jobs.nhs.uk/candidate/jobadvert/C9267-26-1046
2026-09-04,newly_published,NHS Jobs,nhs-5579271,GP Receptionist/Administrator,"Nottingham, NG7 3GW",Nottinghamshire,Unspecified,https://www.ontapjobsearch.com/jobs/nhs-5579271,https://beta.jobs.nhs.uk/candidate/jobadvert/A1908-26-0001
2026-09-04,newly_published,NHS Jobs,nhs-5577937,Home Administrator,"Gateshead, NE8 1QU",North East,Unspecified,https://www.ontapjobsearch.com/jobs/nhs-5577937,https://beta.jobs.nhs.uk/candidate/jobadvert/W0033-26-1188
2026-09-04,newly_published,NHS Jobs,nhs-5576484,Medical Administrator,"London, NW3 2QU",London,Unspecified,https://www.ontapjobsearch.com/jobs/nhs-5576484,https://beta.jobs.nhs.uk/candidate/jobadvert/A2931-26-0003
2026-09-04,newly_published,NHS Jobs,nhs-5577142,Medical Administrator,"Leeds, LS8 3BZ",Yorkshire - West,Unspecified,https://www.ontapjobsearch.com/jobs/nhs-5577142,https://beta.jobs.nhs.uk/candidate/jobadvert/A1168-26-0008
2026-09-04,newly_published,NHS Jobs,nhs-5577644,Medical Receptionist,"Manchester, M32 0PA, Manchester, M160LW",Greater Manchester - Manchester & Salford,Unspecified,https://www.ontapjobsearch.com/jobs/nhs-5577644,https://beta.jobs.nhs.uk/candidate/jobadvert/A4025-26-0012
2026-09-04,newly_published,NHS Jobs,nhs-5578666,Medical Receptionist/ Care Navigator,"Sale, M33 5JH",Greater Manchester - South,Unspecified,https://www.ontapjobsearch.com/jobs/nhs-5578666,https://beta.jobs.nhs.uk/candidate/jobadvert/A5308-26-0006
2026-09-04,newly_published,NHS Jobs,nhs-5578622,Operations Administrator,"London, HA8 6AG",London,Unspecified,https://www.ontapjobsearch.com/jobs/nhs-5578622,https://beta.jobs.nhs.uk/candidate/jobadvert/E0455-26-0020
2026-09-04,newly_published,NHS Jobs,nhs-5573643,Part-time Forensic Administrator - HMP Huntercombe,"Henley-On-Thames, RG9 5SG",Oxfordshire,Unspecified,https://www.ontapjobsearch.com/jobs/nhs-5573643,https://beta.jobs.nhs.uk/candidate/jobadvert/C9267-26-1048
2026-09-04,newly_published,NHS Jobs,nhs-5544598,Receptionist,"Bedford, MK42 8QD",Bedfordshire,Unspecified,https://www.ontapjobsearch.com/jobs/nhs-5544598,https://beta.jobs.nhs.uk/candidate/jobadvert/M0038-26-0733
2026-09-04,newly_published,NHS Jobs,nhs-5557335,Receptionist,"Harrow, HA1 1SE",London,Unspecified,https://www.ontapjobsearch.com/jobs/nhs-5557335,https://beta.jobs.nhs.uk/candidate/jobadvert/A4905-26-0003
2026-09-04,newly_published,NHS Jobs,nhs-5577914,Receptionist,"Woodbridge, IP12 1EE",Suffolk,Unspecified,https://www.ontapjobsearch.com/jobs/nhs-5577914,https://beta.jobs.nhs.uk/candidate/jobadvert/M0038-26-0835
2026-09-04,newly_published,NHS Jobs,nhs-5578430,Receptionist,"LONDON, NW9 7DG",London,Unspecified,https://www.ontapjobsearch.com/jobs/nhs-5578430,https://beta.jobs.nhs.uk/candidate/jobadvert/A3027-26-0003
2026-09-04,newly_published,NHS Jobs,nhs-5578840,Receptionist,"Leeds, LS9 7BE",Yorkshire - West,Unspecified,https://www.ontapjobsearch.com/jobs/nhs-5578840,https://beta.jobs.nhs.uk/candidate/jobadvert/C9173-26-0425
2026-09-04,newly_published,NHS Jobs,nhs-5579658,Receptionist,"Bradford, BD8 9PB, Bradford, BD15 7WA",Yorkshire - West,Unspecified,https://www.ontapjobsearch.com/jobs/nhs-5579658,https://beta.jobs.nhs.uk/candidate/jobadvert/A1399-26-0019
2026-09-04,newly_published,NHS Jobs,nhs-5579570,Receptionist/ Telephonist,"Huddersfield, HD9 3TR, Holmfirth, HD9 4EN",Yorkshire - West,Unspecified,https://www.ontapjobsearch.com/jobs/nhs-5579570,https://beta.jobs.nhs.uk/candidate/jobadvert/A3954-26-0004
2026-09-04,newly_published,NHS Jobs,nhs-5577210,Receptionist/Administrator,"Sherborne, DT93JU",Dorset,Unspecified,https://www.ontapjobsearch.com/jobs/nhs-5577210,https://beta.jobs.nhs.uk/candidate/jobadvert/C9152-26-0936
2026-09-04,newly_published,NHS Jobs,nhs-5579078,Receptionist/Administrator,"Bromley, BR2 7JF",London,Unspecified,https://www.ontapjobsearch.com/jobs/nhs-5579078,https://beta.jobs.nhs.uk/candidate/jobadvert/A5836-26-0001
2026-09-04,newly_published,NHS Jobs,nhs-5578957,Receptionist/Call Handler,"Norwich, NR11 6AA, Norwich, NR10 4QT",Norfolk,Unspecified,https://www.ontapjobsearch.com/jobs/nhs-5578957,https://beta.jobs.nhs.uk/candidate/jobadvert/A1039-26-0010
2026-09-04,newly_published,NHS Jobs,nhs-5532072,Receptionist/Care Navigator,"Colchester, CO1 2QS",Essex,Unspecified,https://www.ontapjobsearch.com/jobs/nhs-5532072,https://beta.jobs.nhs.uk/candidate/jobadvert/M0038-26-0783
2026-09-04,newly_published,NHS Jobs,nhs-5579160,Senior Receptionist,"Kingston Upon Thames, KT2 7QB",London,Unspecified,https://www.ontapjobsearch.com/jobs/nhs-5579160,https://beta.jobs.nhs.uk/candidate/jobadvert/C9396-26-0386
2026-09-04,newly_published,NHS Jobs,nhs-5575141,Team Administrator,"Stoke-on-Trent, ST4 6TH",Staffordshire,Unspecified,https://www.ontapjobsearch.com/jobs/nhs-5575141,https://beta.jobs.nhs.uk/candidate/jobadvert/C9232-26-0221
2026-09-04,newly_published,NHS Jobs,nhs-5576748,Ward Clerk,"Gateshead, NE9 6SX",North East,Unspecified,https://www.ontapjobsearch.com/jobs/nhs-5576748,https://beta.jobs.nhs.uk/candidate/jobadvert/C9297-26-0473
