lookup_region,job_id,title,company,raw_area,raw_location,diagnostic_status,selected_categories,register_matches,first_seen,last_seen,days_seen
West Midlands - Birmingham & Solihull,c0b71915-647a-4104-8a2a-1ba67e962755,Receptionist,Tirebuck Recruitment,Solihull,West Midlands,admin_service_selected,admin_service,admin_service:HIGH_CONFIDENCE; customer_service_contact_centre:REVIEW_CONTEXT_DEPENDENT,2026-07-16,2026-07-30,15
West Midlands - Birmingham & Solihull,9637fb61-a166-43dc-871a-a88b13184b7a,IFA Administrator,Recruit UK,Solihull,West Midlands,admin_service_selected,admin_service,admin_service:HIGH_CONFIDENCE; customer_service_contact_centre:REVIEW_CONTEXT_DEPENDENT; finance_accounts:OUT_OF_SCOPE; hr_recruitment:REVIEW_CONTEXT_DEPENDENT,2026-07-18,2026-07-30,13
West Midlands - Birmingham & Solihull,37af4b97-108f-4ada-9d01-656c429f8454,Finance Administrator,Recruiit,Solihull,West Midlands,admin_service_selected,admin_service; finance_accounts,admin_service:HIGH_CONFIDENCE; customer_service_contact_centre:REVIEW_CONTEXT_DEPENDENT; finance_accounts:HIGH_CONFIDENCE; hr_recruitment:REVIEW_CONTEXT_DEPENDENT,2026-07-01,2026-07-14,9
West Midlands - Birmingham & Solihull,2551aeb6-4c47-4e5e-af60-388d77af87b4,Administrator,Pertemps Solihull,Solihull,West Midlands,admin_service_selected,admin_service,admin_service:HIGH_CONFIDENCE; customer_service_contact_centre:REVIEW_CONTEXT_DEPENDENT; hr_recruitment:REVIEW_CONTEXT_DEPENDENT,2026-07-30,2026-07-31,2
West Midlands - Birmingham & Solihull,c284bb94-0856-4ac5-a3d8-7100a3606ce7,Office Administrator,Pertemps Solihull,Solihull,West Midlands,admin_service_selected,admin_service,admin_service:HIGH_CONFIDENCE; customer_service_contact_centre:REVIEW_CONTEXT_DEPENDENT; hr_recruitment:REVIEW_CONTEXT_DEPENDENT,2026-07-30,2026-07-31,2
West Midlands - Birmingham & Solihull,107672403,Care Assistant - Complex Care,Care Birmingham,Sutton Coldfield,West Midlands,other_registered_category_selected,support_worker,support_worker:ELASTIC_FIT,2026-07-11,2026-07-30,20
West Midlands - Birmingham & Solihull,a44415c4-c972-4e4c-9127-7b43c377ee96,School Administrator,Aspire People Limited,Solihull,West Midlands,registered_but_not_selected,,admin_service:HARD_PASS; customer_service_contact_centre:REVIEW_CONTEXT_DEPENDENT; hr_recruitment:REVIEW_CONTEXT_DEPENDENT,2026-07-17,2026-07-30,14
West Midlands - Birmingham & Solihull,d53368fe-ed4f-44ac-8691-89e60086cfcf,Clinical Lead,Healthcare Clinical Recruitment Ltd,Solihull,West Midlands,registered_but_not_selected,,admin_service:OUT_OF_SCOPE,2026-07-10,2026-07-16,7
West Midlands - Birmingham & Solihull,2a51e7fd-0f09-4c34-872d-8233af696745,Dispensing Optician,Specsavers,Solihull,West Midlands,registered_but_not_selected,,admin_service:OUT_OF_SCOPE,2026-07-21,2026-07-27,7
West Midlands - Birmingham & Solihull,1402260868,Retail Optical Assistant,Vision Express,Solihull,West Midlands,registered_but_not_selected,,admin_service:OUT_OF_SCOPE; hr_recruitment:REVIEW_CONTEXT_DEPENDENT,2026-07-01,2026-07-07,7
West Midlands - Birmingham & Solihull,107385134,Vehicle Preparation Technician,Listers,Solihull,West Midlands,registered_but_not_selected,,admin_service:HARD_PASS,2026-07-01,2026-07-03,2
West Midlands - Birmingham & Solihull,fa5e4495-a71b-4fc2-97f6-373c24746204,Dispensing Optician,Specsavers,Solihull,West Midlands,registered_but_not_selected,,admin_service:OUT_OF_SCOPE,2026-07-15,2026-07-15,1
West Midlands - Birmingham & Solihull,107688085,Financial Inclusion Officer,Lynx Employment Services Ltd,Solihull,West Midlands,unregistered_title,,,2026-07-15,2026-07-31,17
West Midlands - Birmingham & Solihull,107608765,Vehicle Technician,Listers,Solihull,West Midlands,unregistered_title,,,2026-07-12,2026-07-30,17
West Midlands - Birmingham & Solihull,107574030,Community Services Manager,Trusted Resource Solutions,Sutton Coldfield,West Midlands,unregistered_title,,,2026-07-01,2026-07-14,14
West Midlands - Birmingham & Solihull,dc9247fe-2ebb-4f69-be7e-13f7cf36860a,Administration Coordinator,Katie Bard (Angela Mortimer Plc),Sutton Coldfield,West Midlands,unregistered_title,,,2026-07-29,2026-07-31,3
West Midlands - Birmingham & Solihull,ac99818d-f2b4-4aa1-a864-7509155bf13a,Administrative Occupations: Government And Related Organisations,Pertemps Solihull,Solihull,West Midlands,unregistered_title,,,2026-07-30,2026-07-31,2
West Midlands - Birmingham & Solihull,107377228,Health & Safety Manager,Listers,Solihull,West Midlands,unregistered_title,,,2026-07-01,2026-07-02,2
West Midlands - Birmingham & Solihull,0af99af2-b41c-4297-a511-a4422d6775bb,Senior Social Worker - Separated Children & Young People,Remedy Recruitment Group,Solihull,West Midlands,unregistered_title,,,2026-07-01,2026-07-02,2
West Midlands - Birmingham & Solihull,107385850,Vehicle Technician,Listers,Solihull,West Midlands,unregistered_title,,,2026-07-01,2026-07-03,2
West Midlands - Birmingham & Solihull,107706621,MG Vehicle Technician,Listers,Solihull,West Midlands,unregistered_title,,,2026-07-31,2026-07-31,1
West Midlands - Birmingham & Solihull,107706607,OMODA Vehicle Technician,Listers,Solihull,West Midlands,unregistered_title,,,2026-07-31,2026-07-31,1
West Midlands - Birmingham & Solihull,107706501,Vehicle Technician,Listers,Solihull,West Midlands,unregistered_title,,,2026-07-31,2026-07-31,1
West Midlands - Black Country,745b87fc-be64-47ca-9beb-ef9ab60082b5,Customer Service Administrator,JPL Print & Design,Halesowen,West Midlands,admin_service_selected,admin_service; customer_service_contact_centre,admin_service:HIGH_CONFIDENCE; customer_service_contact_centre:ELASTIC_FIT; hr_recruitment:REVIEW_CONTEXT_DEPENDENT,2026-07-25,2026-07-31,7
West Midlands - Black Country,a885e145-c085-4180-8fe7-462f1a1c5f50,Customer Service Administrator,Pertemps Black Country Perms,Dudley,West Midlands,admin_service_selected,admin_service; customer_service_contact_centre,admin_service:HIGH_CONFIDENCE; customer_service_contact_centre:ELASTIC_FIT; hr_recruitment:REVIEW_CONTEXT_DEPENDENT,2026-07-20,2026-07-23,4
West Midlands - Black Country,ba9ddc12-14b6-4d75-8dc5-86ae6c565cf6,Mental Health Support Worker,Cygnet Healthcare,Oldbury,West Midlands,other_registered_category_selected,support_worker,admin_service:HARD_PASS; support_worker:HIGH_CONFIDENCE,2026-07-10,2026-07-30,10
West Midlands - Black Country,26035_20800_REF8936W,Care Assistant,Sage Care Limited,Dudley,West Midlands,other_registered_category_selected,support_worker,admin_service:HARD_PASS; hr_recruitment:REVIEW_CONTEXT_DEPENDENT; support_worker:HIGH_CONFIDENCE,2026-07-02,2026-07-06,5
West Midlands - Black Country,73460a80-0b69-48ed-8d34-a1ef23d71302,Female Support Worker,Creative Support Ltd,Dudley,West Midlands,other_registered_category_selected,support_worker,admin_service:HARD_PASS; support_worker:HIGH_CONFIDENCE,2026-07-01,2026-07-02,2
West Midlands - Black Country,761185ab-a8a4-455a-a32a-83a6cbded42f,Relief Support Worker,Creative Support Ltd,Dudley,West Midlands,other_registered_category_selected,support_worker,support_worker:ELASTIC_FIT,2026-07-21,2026-07-22,2
West Midlands - Black Country,5827bccb-cfb5-4bc8-932a-ce4afba5689f,Young People Support Worker,AWD online,West Bromwich,West Midlands,other_registered_category_selected,support_worker,support_worker:ELASTIC_FIT,2026-07-30,2026-07-31,2
West Midlands - Black Country,107531508,Clinical Assessor,Donard Recruitment Ltd,Halesowen,West Midlands,registered_but_not_selected,,admin_service:OUT_OF_SCOPE,2026-07-02,2026-07-26,25
West Midlands - Black Country,107531514,Clinical Assessor,Donard Recruitment Ltd,Wednesbury,West Midlands,registered_but_not_selected,,admin_service:OUT_OF_SCOPE,2026-07-01,2026-07-26,24
West Midlands - Black Country,107587136,Registered Manager,Safer Hand Solutions Ltd,Oldbury,West Midlands,registered_but_not_selected,,admin_service:OUT_OF_SCOPE,2026-07-01,2026-07-24,24
West Midlands - Black Country,f45b08a8-b00b-45d3-82fa-e7ad68384378,School Administrator,Aspire People Limited,Oldbury,West Midlands,registered_but_not_selected,,admin_service:HARD_PASS; customer_service_contact_centre:REVIEW_CONTEXT_DEPENDENT; hr_recruitment:REVIEW_CONTEXT_DEPENDENT,2026-07-15,2026-07-30,16
West Midlands - Black Country,f4d21024-7256-40c2-8694-14bb5b3be9df,School Administrator,Aspire People Limited,Wednesbury,West Midlands,registered_but_not_selected,,admin_service:HARD_PASS; customer_service_contact_centre:REVIEW_CONTEXT_DEPENDENT; hr_recruitment:REVIEW_CONTEXT_DEPENDENT,2026-07-15,2026-07-30,16
West Midlands - Black Country,686cae4d-67ed-4bf5-8d4b-1266aaad6ba2,School Administrator,Aspire People Limited,Dudley,West Midlands,registered_but_not_selected,,admin_service:HARD_PASS; customer_service_contact_centre:REVIEW_CONTEXT_DEPENDENT; hr_recruitment:REVIEW_CONTEXT_DEPENDENT,2026-07-21,2026-07-30,10
West Midlands - Black Country,107425482,Pharmacy Dispenser,Flat Fee Recruiter,Kingswinford,West Midlands,registered_but_not_selected,,admin_service:OUT_OF_SCOPE,2026-07-01,2026-07-09,9
West Midlands - Black Country,107621773,Registered Manager,Creative Support,Dudley,West Midlands,registered_but_not_selected,,admin_service:OUT_OF_SCOPE,2026-07-02,2026-07-10,9
West Midlands - Black Country,2a638766-86df-4932-b321-f1771d41dd43,Beauty Therapist,Superdrug,West Bromwich,West Midlands,registered_but_not_selected,,admin_service:HARD_PASS,2026-07-01,2026-07-07,7
West Midlands - Black Country,107531507,Clinical Assessor,Donard Recruitment Ltd,Dudley,West Midlands,registered_but_not_selected,,admin_service:OUT_OF_SCOPE,2026-07-20,2026-07-26,7
West Midlands - Black Country,107703124,Nurse Assessor,Donard Recruitment Ltd,Kingswinford,West Midlands,registered_but_not_selected,,admin_service:HARD_PASS,2026-07-24,2026-07-31,7
West Midlands - Black Country,c098eb34-be7a-4a20-bb04-9d1a1a01dd1b,Senior Support Worker,Cygnet,Tipton,West Midlands,registered_but_not_selected,,admin_service:HARD_PASS; support_worker:HARD_PASS,2026-07-25,2026-07-30,6
West Midlands - Black Country,107537957,Social Worker,Leaders In Care Recruitment Ltd,Oldbury,West Midlands,registered_but_not_selected,,admin_service:HARD_PASS,2026-07-02,2026-07-07,6
West Midlands - Black Country,107649221,Social Worker,Leaders In Care Recruitment Ltd,Oldbury,West Midlands,registered_but_not_selected,,admin_service:HARD_PASS,2026-07-12,2026-07-16,5
West Midlands - Black Country,7bfbacd5-baa7-4997-be13-ba8a1d7b53f2,Home Manager,Barchester Healthcare,Dudley,West Midlands,registered_but_not_selected,,admin_service:OUT_OF_SCOPE,2026-07-29,2026-07-31,3
West Midlands - Black Country,107647901,Health Advisor,DHU Healthcare NHS 111,Oldbury,West Midlands,registered_but_not_selected,,admin_service:OUT_OF_SCOPE,2026-07-07,2026-07-07,1
West Midlands - Black Country,627936641391406336,Veterinary Surgeon,Vets for Pets,Halesowen,West Midlands,registered_but_not_selected,,admin_service:OUT_OF_SCOPE,2026-07-20,2026-07-20,1
West Midlands - Black Country,107560425,Care Provider Quality & Safety Pharmacist,Sandwell Council,Oldbury,West Midlands,unregistered_title,,,2026-07-01,2026-07-17,17
West Midlands - Black Country,1402262258,Optical Assistant job in Walsall,Inspired Recruitment Group,Walsall,Staffordshire,unregistered_title,,,2026-07-15,2026-07-31,17
West Midlands - Black Country,107633742,Workflow Operations Coordinator,Hayley Dexis,Dudley,West Midlands,unregistered_title,,,2026-07-04,2026-07-19,16
West Midlands - Black Country,1401783405,Social Worker - Assessment Service,Dudley Metropolitan Borough Council,Dudley,West Midlands,unregistered_title,,,2026-07-01,2026-07-15,15
West Midlands - Black Country,1401783408,Social Worker - Children in Care Team,Dudley Metropolitan Borough Council,Dudley,West Midlands,unregistered_title,,,2026-07-01,2026-07-15,15
West Midlands - Black Country,1401783346,Registered Children's Home Manager,Dudley Metropolitan Borough Council,Dudley,West Midlands,unregistered_title,,,2026-07-01,2026-07-14,14
West Midlands - Black Country,107702280,Domestic Abuse Support Worker / Advocate,AWD Online,West Bromwich,West Midlands,unregistered_title,,,2026-07-19,2026-07-31,13
West Midlands - Black Country,107652943,Health & Social Care Assessor (4 day working week),Oakmoor Recruitment,West Bromwich,West Midlands,unregistered_title,,,2026-07-19,2026-07-31,12
West Midlands - Black Country,107652943,Health & Social Care Assessor (4-day working week),Oakmoor Recruitment,West Bromwich,West Midlands,unregistered_title,,,2026-07-08,2026-07-18,11
West Midlands - Black Country,6762938a-4948-4daf-8ffc-b58c90feda02,School Finance Admin,Aspire People Limited,Smethwick,West Midlands,unregistered_title,,,2026-07-21,2026-07-31,11
West Midlands - Black Country,6f55c987-3914-46fd-a299-fcd3288214b8,Domestic Abuse Support Worker / Advocate,AWD online,West Bromwich,West Midlands,unregistered_title,,,2026-07-21,2026-07-30,10
West Midlands - Black Country,1401783576,Principal Lead - Through Care,Dudley Metropolitan Borough Council,Dudley,West Midlands,unregistered_title,,,2026-07-07,2026-07-15,9
West Midlands - Black Country,107475148,Assessment Nurse,Donard Recruitment Ltd,Kingswinford,West Midlands,unregistered_title,,,2026-07-01,2026-07-08,7
West Midlands - Black Country,107681291,Social Care Team Manager,Sandwell Council,Oldbury,West Midlands,unregistered_title,,,2026-07-15,2026-07-21,6
West Midlands - Black Country,107549052,Registered Service Manager,Creative Support,Dudley,West Midlands,unregistered_title,,,2026-07-01,2026-07-03,3
West Midlands - Black Country,99de9a53-8dc0-4b20-a874-8ff35fd63025,Team Leader - Children's Residential Home (Solo Provision),ELITE SEARCH ASSOCIATES LIMITED,Wednesbury,West Midlands,unregistered_title,,,2026-07-18,2026-07-20,3
West Midlands - Black Country,4c4d2276-9e41-432e-ab19-77c217976c27,Client Executive - Employee Benefits,Brevere Group,Brierley Hill,West Midlands,unregistered_title,,,2026-07-01,2026-07-02,2
West Midlands - Black Country,e973b24a-6f41-4802-b314-c4f62d6b7fdc,Family Complex Needs Support Worker,Building Recruitment Company,Dudley,West Midlands,unregistered_title,,,2026-07-30,2026-07-31,2
West Midlands - Black Country,92098bd6-259c-4755-b214-bb84741ba8e4,"Children's Social Work Team Manager, Assessment and Intervention team, West Midlands",PPR Social Care,West Bromwich,West Midlands,unregistered_title,,,2026-07-01,2026-07-01,1
West Midlands - Black Country,107692533,Deputy Manager Childrens Home ( EBD),RJS Resourcing Ltd,Oldbury,West Midlands,unregistered_title,,,2026-07-28,2026-07-28,1
West Midlands - Coventry & Warwickshire,d0d0be6e-0764-4148-8486-4961d27d6081,Finance Administrator,ROSE & YOUNG RECRUITMENT LTD,Coventry,Warwickshire,admin_service_selected,admin_service; finance_accounts,admin_service:HIGH_CONFIDENCE; customer_service_contact_centre:REVIEW_CONTEXT_DEPENDENT; finance_accounts:HIGH_CONFIDENCE; hr_recruitment:REVIEW_CONTEXT_DEPENDENT,2026-07-01,2026-07-23,23
West Midlands - Coventry & Warwickshire,eba19fa6-3d13-4f1b-b8c5-a0a7ebb416ec,Finance Administrator,Greenwell Gleeson,Coventry,Warwickshire,admin_service_selected,admin_service; finance_accounts,admin_service:HIGH_CONFIDENCE; customer_service_contact_centre:REVIEW_CONTEXT_DEPENDENT; finance_accounts:HIGH_CONFIDENCE; hr_recruitment:REVIEW_CONTEXT_DEPENDENT,2026-07-01,2026-07-23,23
West Midlands - Coventry & Warwickshire,9a8ee2e1-0109-4fac-aa8e-dde1ccc94b98,Temporary Administrator,Love Success Recruitment,Rugby,Warwickshire,admin_service_selected,admin_service,admin_service:HIGH_CONFIDENCE,2026-07-01,2026-07-20,20
West Midlands - Coventry & Warwickshire,aaea46d5-ea7c-4e30-8090-6e9c259999ac,HR Administrator,raymond associates ltd,Coventry,Warwickshire,admin_service_selected,admin_service; hr_recruitment,admin_service:HIGH_CONFIDENCE; customer_service_contact_centre:REVIEW_CONTEXT_DEPENDENT; hr_recruitment:HIGH_CONFIDENCE,2026-07-15,2026-07-30,16
West Midlands - Coventry & Warwickshire,cffe83f7-1f3c-42b2-9e43-901d6fa6ee59,Administrator,SF Partners,Warwick,Warwickshire,admin_service_selected,admin_service,admin_service:HIGH_CONFIDENCE; customer_service_contact_centre:REVIEW_CONTEXT_DEPENDENT; hr_recruitment:REVIEW_CONTEXT_DEPENDENT,2026-07-16,2026-07-30,15
West Midlands - Coventry & Warwickshire,d04a13ab-3edf-406a-a4c7-7917c21c6831,IFA Administrator,Recruit UK,Warwick,Warwickshire,admin_service_selected,admin_service,admin_service:HIGH_CONFIDENCE; customer_service_contact_centre:REVIEW_CONTEXT_DEPENDENT; finance_accounts:OUT_OF_SCOPE; hr_recruitment:REVIEW_CONTEXT_DEPENDENT,2026-07-16,2026-07-30,15
West Midlands - Coventry & Warwickshire,d7f73a6e-9332-4846-a677-897c922ecae1,Customer Support Administrator,SF Partners,Coventry,Warwickshire,admin_service_selected,admin_service; customer_service_contact_centre,admin_service:HIGH_CONFIDENCE; customer_service_contact_centre:ELASTIC_FIT; hr_recruitment:REVIEW_CONTEXT_DEPENDENT,2026-07-16,2026-07-29,14
West Midlands - Coventry & Warwickshire,848a80bb-cc09-438d-af12-26ece9db861d,Senior IFA Administrator,Recruit UK,Warwick,Warwickshire,admin_service_selected,admin_service,admin_service:HIGH_CONFIDENCE; customer_service_contact_centre:REVIEW_CONTEXT_DEPENDENT; finance_accounts:OUT_OF_SCOPE; hr_recruitment:REVIEW_CONTEXT_DEPENDENT,2026-07-18,2026-07-30,12
West Midlands - Coventry & Warwickshire,754b0892-ba65-4008-8c25-4d13373b6acd,IFA Administrator,Premier Jobs UK Limited,Leamington Spa,Warwickshire,admin_service_selected,admin_service,admin_service:HIGH_CONFIDENCE; customer_service_contact_centre:REVIEW_CONTEXT_DEPENDENT; finance_accounts:OUT_OF_SCOPE; hr_recruitment:REVIEW_CONTEXT_DEPENDENT,2026-07-01,2026-07-24,11
West Midlands - Coventry & Warwickshire,7e6cc542-2746-4e05-86d7-da17612027da,Finance Administrator,THE RECRUITMENT DUO,Coventry,Warwickshire,admin_service_selected,admin_service; finance_accounts,admin_service:HIGH_CONFIDENCE; customer_service_contact_centre:REVIEW_CONTEXT_DEPENDENT; finance_accounts:HIGH_CONFIDENCE; hr_recruitment:REVIEW_CONTEXT_DEPENDENT,2026-07-21,2026-07-30,10
West Midlands - Coventry & Warwickshire,f85118cf-7ee7-4c3b-a8b0-dba9e541f950,Finance Administrator,AD Finance,Coventry,Warwickshire,admin_service_selected,admin_service; finance_accounts,admin_service:HIGH_CONFIDENCE; customer_service_contact_centre:REVIEW_CONTEXT_DEPENDENT; finance_accounts:HIGH_CONFIDENCE; hr_recruitment:REVIEW_CONTEXT_DEPENDENT,2026-07-24,2026-07-30,7
West Midlands - Coventry & Warwickshire,fd987d19-2043-4899-969c-8d0fa33613a9,Employee Benefits Administrator,Switch Recruitment,Coventry,Warwickshire,admin_service_selected,admin_service,admin_service:HIGH_CONFIDENCE,2026-07-29,2026-07-31,3
West Midlands - Coventry & Warwickshire,64dbc5c4-cc40-4514-a865-e89d49f2da89,IFA Administrator,Brevere Group,Coventry,Warwickshire,admin_service_selected,admin_service,admin_service:HIGH_CONFIDENCE; customer_service_contact_centre:REVIEW_CONTEXT_DEPENDENT; finance_accounts:OUT_OF_SCOPE; hr_recruitment:REVIEW_CONTEXT_DEPENDENT,2026-07-01,2026-07-02,2
West Midlands - Coventry & Warwickshire,9bccef77-3de5-4082-92cc-aefc7bf20d50,Receptionist,Macildowie Recruitment and Retention,Rugby,Warwickshire,admin_service_selected,admin_service,admin_service:HIGH_CONFIDENCE; customer_service_contact_centre:REVIEW_CONTEXT_DEPENDENT,2026-07-30,2026-07-31,2
West Midlands - Coventry & Warwickshire,a64c366b-f7e8-4089-8aae-a1796f1ef747,HR Administrator,Owen Daniels,Nuneaton,Warwickshire,admin_service_selected,admin_service; hr_recruitment,admin_service:HIGH_CONFIDENCE; customer_service_contact_centre:REVIEW_CONTEXT_DEPENDENT; hr_recruitment:HIGH_CONFIDENCE,2026-07-31,2026-07-31,1
West Midlands - Coventry & Warwickshire,107572010,Home Carer,Rainbow Care Solutions Ltd,Warwick,Warwickshire,other_registered_category_selected,support_worker,support_worker:HIGH_CONFIDENCE,2026-07-15,2026-07-31,17
West Midlands - Coventry & Warwickshire,107572128,Home Carer,Rainbow Care Solutions Ltd,Leamington Spa,Warwickshire,other_registered_category_selected,support_worker,support_worker:HIGH_CONFIDENCE,2026-07-15,2026-07-24,10
West Midlands - Coventry & Warwickshire,67f488e1-786c-42d1-9c18-57da75ce3bfd,Transport Administrator,People Solutions Group Limited,Coventry,Warwickshire,other_registered_category_selected,warehouse_logistics,admin_service:HARD_PASS; customer_service_contact_centre:REVIEW_CONTEXT_DEPENDENT; hr_recruitment:REVIEW_CONTEXT_DEPENDENT; warehouse_logistics:ELASTIC_FIT,2026-07-01,2026-07-14,9
West Midlands - Coventry & Warwickshire,fc3f431b-3187-46dc-9567-a4cbc97ea4b9,Care Assistant - Bank - Care Home,Barchester Healthcare,Alcester,Warwickshire,other_registered_category_selected,support_worker,support_worker:ELASTIC_FIT,2026-07-15,2026-07-22,8
West Midlands - Coventry & Warwickshire,107542619,Relief Support Worker,Creative Support,Shipston-on-stour,Warwickshire,other_registered_category_selected,support_worker,support_worker:ELASTIC_FIT,2026-07-01,2026-07-08,8
West Midlands - Coventry & Warwickshire,e594b653-dc32-4afe-8dea-7b310b05b5c6,Care Assistant - Bank - Care Home,Barchester Healthcare,Leamington Spa,Warwickshire,other_registered_category_selected,support_worker,support_worker:ELASTIC_FIT,2026-07-16,2026-07-22,7
West Midlands - Coventry & Warwickshire,bf115ca6-138a-4f5a-bd60-63dab0b593ef,Support Worker,Heart of England Mencap,Stratford-upon-avon,Warwickshire,other_registered_category_selected,support_worker,admin_service:HARD_PASS; support_worker:HIGH_CONFIDENCE,2026-07-24,2026-07-30,7
West Midlands - Coventry & Warwickshire,107571827,Care Assistant,Rainbow Care Solutions Ltd,Stratford-upon-avon,Warwickshire,other_registered_category_selected,support_worker,admin_service:HARD_PASS; hr_recruitment:REVIEW_CONTEXT_DEPENDENT; support_worker:HIGH_CONFIDENCE,2026-07-15,2026-07-20,6
West Midlands - Coventry & Warwickshire,107652235,Relief Support Worker,Creative Support,Shipston-on-stour,Warwickshire,other_registered_category_selected,support_worker,support_worker:ELASTIC_FIT,2026-07-09,2026-07-19,6
West Midlands - Coventry & Warwickshire,acf6e77b-6b50-48d5-8295-76046243ef01,Relief Support Worker,Creative Support Ltd,Rugby,Warwickshire,other_registered_category_selected,support_worker,support_worker:ELASTIC_FIT,2026-07-17,2026-07-22,6
West Midlands - Coventry & Warwickshire,107571814,Home Carer,Rainbow Care Solutions Ltd,Coventry,Warwickshire,other_registered_category_selected,support_worker,support_worker:HIGH_CONFIDENCE,2026-07-15,2026-07-16,2
West Midlands - Coventry & Warwickshire,8baaa7a7-a29b-48be-bbe2-59f6bc043c38,Relief Support Worker,Creative Support Ltd,Warwick,Warwickshire,other_registered_category_selected,support_worker,support_worker:ELASTIC_FIT,2026-07-18,2026-07-19,2
West Midlands - Coventry & Warwickshire,3228c513-5a59-4176-a540-2ceb3e9e593d,Support Worker,Creative Support Ltd,Alcester,Warwickshire,other_registered_category_selected,support_worker,admin_service:HARD_PASS; support_worker:HIGH_CONFIDENCE,2026-07-01,2026-07-02,2
West Midlands - Coventry & Warwickshire,21618_20293_13249,Female Support Worker,Turning Point,Leamington Spa,Warwickshire,other_registered_category_selected,support_worker,admin_service:HARD_PASS; support_worker:HIGH_CONFIDENCE,2026-07-01,2026-07-01,1
West Midlands - Coventry & Warwickshire,107731546,Support Worker Learning Disabilities,Heart of England Mencap,Leamington Spa,Warwickshire,other_registered_category_selected,support_worker,support_worker:HIGH_CONFIDENCE,2026-07-30,2026-07-30,1
West Midlands - Coventry & Warwickshire,107619525,Toyota Vehicle Technician,Listers,Stratford-upon-avon,Warwickshire,registered_but_not_selected,,admin_service:HARD_PASS,2026-07-04,2026-07-31,24
West Midlands - Coventry & Warwickshire,107521266,Vehicle Preparation Technician,Listers,Warwick,Warwickshire,registered_but_not_selected,,admin_service:HARD_PASS,2026-07-01,2026-07-24,21
West Midlands - Coventry & Warwickshire,107669694,Functional Assessor,GAIA RECRUITMENT LIMITED,Coventry,Warwickshire,registered_but_not_selected,,admin_service:OUT_OF_SCOPE,2026-07-11,2026-07-30,20
West Midlands - Coventry & Warwickshire,1c787493-62a0-4cf7-a318-f4e4fe892841,Practice Nurse,Chase Medical,Nuneaton,Warwickshire,registered_but_not_selected,,admin_service:HARD_PASS,2026-07-15,2026-07-30,16
West Midlands - Coventry & Warwickshire,c5f8eefe-2006-4465-b2c6-2b5549b1e51b,Executive Assistant,Michael Page Business Support,Coventry,Warwickshire,registered_but_not_selected,,admin_service:OUT_OF_SCOPE,2026-07-16,2026-07-30,15
West Midlands - Coventry & Warwickshire,1402262211,Optical Assistant,ASDA Opticians,Leamington Spa,Warwickshire,registered_but_not_selected,,admin_service:OUT_OF_SCOPE; hr_recruitment:REVIEW_CONTEXT_DEPENDENT,2026-07-11,2026-07-24,14
West Midlands - Coventry & Warwickshire,21618_21478_JR16197-6fb763ee53261fcefb7e9c671fc8c85c,Theatre Scrub Practitioner,Ramsay Health Care,Stratford-upon-avon,Warwickshire,registered_but_not_selected,,admin_service:OUT_OF_SCOPE,2026-07-01,2026-07-27,13
West Midlands - Coventry & Warwickshire,1ecd751a-9578-4454-a41b-7ed975ab2853,Senior Support Worker,Heart of England Mencap,Warwick,Warwickshire,registered_but_not_selected,,admin_service:HARD_PASS; support_worker:HARD_PASS,2026-07-21,2026-07-30,10
West Midlands - Coventry & Warwickshire,2874475e-6a29-461d-8b35-fd6e92c53b37,Deputy General Manager Clinical,Barchester Healthcare,Leamington Spa,Warwickshire,registered_but_not_selected,,admin_service:HARD_PASS,2026-07-22,2026-07-30,9
West Midlands - Coventry & Warwickshire,107531512,Clinical Assessor,Donard Recruitment Ltd,Coventry,Warwickshire,registered_but_not_selected,,admin_service:OUT_OF_SCOPE,2026-07-19,2026-07-26,8
West Midlands - Coventry & Warwickshire,e79dd031-83ec-49da-9681-e542a0a44bbb,Clinical Negligence Solicitor,G2 Legal Limited,Coventry,Warwickshire,registered_but_not_selected,,admin_service:OUT_OF_SCOPE,2026-07-10,2026-07-17,8
West Midlands - Coventry & Warwickshire,107613561,Therapist,Witherslack Group,Rugby,Warwickshire,registered_but_not_selected,,admin_service:HARD_PASS,2026-07-04,2026-07-11,8
West Midlands - Coventry & Warwickshire,9328a689-b1a4-4970-8cfc-c32e0068bfc3,Executive Assistant,AUCTORO RECRUITMENT LIMITED,Warwick,Warwickshire,registered_but_not_selected,,admin_service:OUT_OF_SCOPE,2026-07-18,2026-07-28,7
West Midlands - Coventry & Warwickshire,107475223,Nurse Assessor,Donard Recruitment Ltd,Coventry,Warwickshire,registered_but_not_selected,,admin_service:HARD_PASS,2026-07-01,2026-07-08,7
West Midlands - Coventry & Warwickshire,defd68b3-b80f-46d8-b087-8d03296e61dd,Clinical Negligence Solicitor,G2 Legal Limited,Coventry,Warwickshire,registered_but_not_selected,,admin_service:OUT_OF_SCOPE,2026-07-25,2026-07-30,6
West Midlands - Coventry & Warwickshire,de69f60d-bfc7-4780-acaf-ff51ad426097,Contact Lens Optician,Specsavers,Leamington Spa,Warwickshire,registered_but_not_selected,,admin_service:OUT_OF_SCOPE,2026-07-10,2026-07-15,6
West Midlands - Coventry & Warwickshire,40706ba0-de16-4183-a818-eeba1dfc618a,Dispensing Optician,Specsavers,Nuneaton,Warwickshire,registered_but_not_selected,,admin_service:OUT_OF_SCOPE,2026-07-24,2026-07-29,6
West Midlands - Coventry & Warwickshire,107503416,Scheme Manager,Niyaa People Ltd,Coventry,Warwickshire,registered_but_not_selected,,admin_service:OUT_OF_SCOPE,2026-07-03,2026-07-09,6
West Midlands - Coventry & Warwickshire,107136642,Foster Carer,Tyre Hill House,Coventry,Warwickshire,registered_but_not_selected,,admin_service:OUT_OF_SCOPE,2026-07-09,2026-07-14,5
West Midlands - Coventry & Warwickshire,baa3757c-7006-4fa5-bfc6-aa17b98f5517,Ward Clerk,Cygnet Healthcare,Coventry,Warwickshire,registered_but_not_selected,,admin_service:OUT_OF_SCOPE,2026-07-17,2026-07-21,5
West Midlands - Coventry & Warwickshire,b3ae5ea7-ed40-42f2-8ffd-72f7fe885675,Business Support Assistant - Remote,BCT Resourcing,Warwick,Warwickshire,registered_but_not_selected,,support_worker:HARD_PASS,2026-07-17,2026-07-20,4
West Midlands - Coventry & Warwickshire,1577839,Dementia Adviser,Alzheimers Society,Coventry,Warwickshire,registered_but_not_selected,,hr_recruitment:REVIEW_CONTEXT_DEPENDENT,2026-07-25,2026-07-28,4
West Midlands - Coventry & Warwickshire,107568874,Audio Typist,CRC Recruitment Ltd,Leamington Spa,Warwickshire,registered_but_not_selected,,admin_service:OUT_OF_SCOPE,2026-07-02,2026-07-04,3
West Midlands - Coventry & Warwickshire,107136642,Foster Carer,Rees Parent & Child Fostering,Coventry,Warwickshire,registered_but_not_selected,,admin_service:OUT_OF_SCOPE,2026-07-15,2026-07-17,3
West Midlands - Coventry & Warwickshire,107597704,Contracts Assistant / Administrator - Warwickshire,MYO Talent,Warwick,Warwickshire,registered_but_not_selected,,customer_service_contact_centre:REVIEW_CONTEXT_DEPENDENT; finance_accounts:OUT_OF_SCOPE; hr_recruitment:REVIEW_CONTEXT_DEPENDENT,2026-07-01,2026-07-02,2
West Midlands - Coventry & Warwickshire,92b2b873-c980-4cc2-bddf-a68a358d9d69,Contracts Assistant / Administrator - Warwickshire,MYO Talent,Warwick,Warwickshire,registered_but_not_selected,,customer_service_contact_centre:REVIEW_CONTEXT_DEPENDENT; finance_accounts:OUT_OF_SCOPE; hr_recruitment:REVIEW_CONTEXT_DEPENDENT,2026-07-01,2026-07-02,2
West Midlands - Coventry & Warwickshire,e7b93666-37cd-40b9-a45e-7322c9c697ad,Support Worker Driver,Creative Support Ltd,Alcester,Warwickshire,registered_but_not_selected,,support_worker:HARD_PASS,2026-07-16,2026-07-17,2
West Midlands - Coventry & Warwickshire,107645934,Housing Officer,Lynx Employment Services Ltd,Rugby,Warwickshire,registered_but_not_selected,,admin_service:OUT_OF_SCOPE; hr_recruitment:REVIEW_CONTEXT_DEPENDENT,2026-07-09,2026-07-09,1
West Midlands - Coventry & Warwickshire,09a18869-0a57-4250-a860-58b7e3f46004,Optical Assistant,Specsavers,Kenilworth,Warwickshire,registered_but_not_selected,,admin_service:OUT_OF_SCOPE; hr_recruitment:REVIEW_CONTEXT_DEPENDENT,2026-07-21,2026-07-21,1
West Midlands - Coventry & Warwickshire,4e8055cd-7c9e-42f6-add1-577bf1ade2d7,Optometrist,Specsavers,Alcester,Warwickshire,registered_but_not_selected,,admin_service:OUT_OF_SCOPE,2026-07-23,2026-07-23,1
West Midlands - Coventry & Warwickshire,94ff8b68-8e54-44b9-ae54-d73453dfa1b2,Registered Manager,Alina Homecare,Coventry,Warwickshire,registered_but_not_selected,,admin_service:OUT_OF_SCOPE,2026-07-01,2026-07-01,1
West Midlands - Coventry & Warwickshire,107694117,Senior Support Worker,Heart of England Mencap,Warwick,Warwickshire,registered_but_not_selected,,admin_service:HARD_PASS; support_worker:HARD_PASS,2026-07-19,2026-07-19,1
West Midlands - Coventry & Warwickshire,107556081,FM Scheduler / Compliance Administrator,Retaind Limited,Coventry,Warwickshire,unregistered_title,,,2026-07-01,2026-07-30,30
West Midlands - Coventry & Warwickshire,107548901,Housing Compliance And Enforcement Officer,Essential Employment,Warwick,Warwickshire,unregistered_title,,,2026-07-01,2026-07-29,29
West Midlands - Coventry & Warwickshire,107632072,Independent Living Team Supervisor,Lynx Employment Services Ltd,Rugby,Warwickshire,unregistered_title,,,2026-07-04,2026-07-31,28
West Midlands - Coventry & Warwickshire,107554389,Diagnostic Vehicle Technician,Listers,Stratford-upon-avon,Warwickshire,unregistered_title,,,2026-07-01,2026-07-30,24
West Midlands - Coventry & Warwickshire,1402261346,Dispensing Optician - Independent - Leamington Spa - Up to 32K,Zest Optical,Leamington Spa,Warwickshire,unregistered_title,,,2026-07-01,2026-07-23,23
West Midlands - Coventry & Warwickshire,107568365,Ofsted Registered Manager Children's Residential Home (EBD),CDS Labour (Group UK) Ltd,Nuneaton,Warwickshire,unregistered_title,,,2026-07-01,2026-07-22,22
West Midlands - Coventry & Warwickshire,eba50f0f-7ffa-4e17-94a0-aec39b48a09d,Purchase Administrator,Greenwell Gleeson,Coventry,Warwickshire,unregistered_title,,,2026-07-01,2026-07-21,21
West Midlands - Coventry & Warwickshire,107541079,Tenancy Support Officer,Lynx Employment Services Ltd,Rugby,Warwickshire,unregistered_title,,,2026-07-01,2026-07-24,21
West Midlands - Coventry & Warwickshire,107626116,Resident Engagement Officer,The Extracare Charitable Trust t/a Extracare Ltd,Coventry,Warwickshire,unregistered_title,,,2026-07-03,2026-07-22,19
West Midlands - Coventry & Warwickshire,bd9e5ac0-5640-4772-bb56-f0d20bf8bfb7,Trainee Dental Nurse Required - Coventry,Harriet Ellis Recruitment Group,Coventry,Warwickshire,unregistered_title,,,2026-07-10,2026-07-27,18
West Midlands - Coventry & Warwickshire,107521343,Vehicle Technician,Listers,Stratford-upon-avon,Warwickshire,unregistered_title,,,2026-07-01,2026-07-24,18
West Midlands - Coventry & Warwickshire,107553822,Support Worker Learning Disabilities Hampton Magna,Heart of England Mencap,Warwick,Warwickshire,unregistered_title,,,2026-07-01,2026-07-15,15
West Midlands - Coventry & Warwickshire,e10221b6-395e-4f21-a4b9-3cc13e214f27,Approved Mental Health Professional,Remedy Recruitment Group,Coventry,Warwickshire,unregistered_title,,,2026-07-16,2026-07-29,14
West Midlands - Coventry & Warwickshire,b8b9d215-0836-4662-9b11-bb29a50b2c52,Children's Social Worker - Help and protection,Remedy Recruitment Group,Coventry,Warwickshire,unregistered_title,,,2026-07-01,2026-07-27,13
West Midlands - Coventry & Warwickshire,eaf1c2f5-a3a1-4a32-9b0f-55cafab1652a,IFA Administrator / Trainee Paraplanner,NJR Recruitment,Coventry,Warwickshire,unregistered_title,,,2026-07-15,2026-07-27,13
West Midlands - Coventry & Warwickshire,21618_21478_JR16529-6fb763ee53261fcefb7e9c671fc8c85c,Lead Ophthalmology Scrub Practitioner,Ramsay Health Care,Stratford-upon-avon,Warwickshire,unregistered_title,,,2026-07-01,2026-07-27,13
West Midlands - Coventry & Warwickshire,87835eb9-ceec-4b7a-a8df-e3132390164d,Legal Secretary,HR CAREERS & NATIONWIDE RECRUITMENT SERVICE,Kenilworth,Warwickshire,unregistered_title,,,2026-07-18,2026-07-30,13
West Midlands - Coventry & Warwickshire,21618_21478_JR16119-1-6fb763ee53261fcefb7e9c671fc8c85c,Theatre Scrub Nurse/ODP - Ophthalmology,Ramsay Health Care,Stratford-upon-avon,Warwickshire,unregistered_title,,,2026-07-01,2026-07-27,13
West Midlands - Coventry & Warwickshire,107466556,ASB Officer,Niyaa People Ltd,Coventry,Warwickshire,unregistered_title,,,2026-07-01,2026-07-15,12
West Midlands - Coventry & Warwickshire,a0dff2ba-b805-4b66-9160-7c07aaaeef3d,Business Support & Office Manager,Third Solutions,Rugby,Warwickshire,unregistered_title,,,2026-07-17,2026-07-28,12
West Midlands - Coventry & Warwickshire,b58519bf-e164-409e-8b0f-1bc920bd5248,Claimant Clinical Negligence Solicitor,Talentwise Solutions Legal Recruitment Ltd,Coventry,Warwickshire,unregistered_title,,,2026-07-10,2026-07-21,12
West Midlands - Coventry & Warwickshire,d8d6a92b-885b-455a-9d00-eb49976ff5c5,Financial Planning Administrator - Leamington Spa (hybrid) - Basic to £30k + generous bonus,MI Search Ltd,Leamington Spa,Warwickshire,unregistered_title,,,2026-07-01,2026-07-20,12
West Midlands - Coventry & Warwickshire,86047920-efa5-40ba-8779-2906049cf676,Bank Family Support Worker,Dudley Lodge,Coventry,Warwickshire,unregistered_title,,,2026-07-18,2026-07-27,10
West Midlands - Coventry & Warwickshire,78fb7c93-4b45-403c-8458-a9db876de2fd,Commercial Legal Secretary,G2 Legal Limited,Coventry,Warwickshire,unregistered_title,,,2026-07-21,2026-07-30,10
West Midlands - Coventry & Warwickshire,ff3e3ca7-f5e9-4843-b5e1-3f9b5580daf6,Contract Administrator,Solvit,Rugby,Warwickshire,unregistered_title,,,2026-07-15,2026-07-24,10
West Midlands - Coventry & Warwickshire,f5261928-bc07-4338-ab9a-a0db2767bcd0,Customer Service and Resources Administrator,Rugby Borough Council,Rugby,Warwickshire,unregistered_title,,,2026-07-21,2026-07-30,10
West Midlands - Coventry & Warwickshire,519db7dc-6478-4bd4-81a3-4382a632bb62,Finance and Administration Assistant,Morgan Parkes Recruitment Limited,Coventry,Warwickshire,unregistered_title,,,2026-07-21,2026-07-30,10
West Midlands - Coventry & Warwickshire,a4bc676e-8ca4-4aa8-a143-89c9d5301c45,Legal Secretary,Talentwise Solutions Legal Recruitment Ltd,Stratford-upon-avon,Warwickshire,unregistered_title,,,2026-07-22,2026-07-30,9
West Midlands - Coventry & Warwickshire,9989f33d-3f74-4b31-a0ee-a6fd88ed7f5c,Occupational Therapist (Band 5),Cygnet,Coventry,Warwickshire,unregistered_title,,,2026-07-22,2026-07-30,9
West Midlands - Coventry & Warwickshire,1402262716,Optical Assistant job in Coventry,Inspired Recruitment Group,Coventry,Warwickshire,unregistered_title,,,2026-07-23,2026-07-31,9
West Midlands - Coventry & Warwickshire,aa619ee5-eac6-4092-9558-b2146897dc6c,Temporary Rail Administrator,Love Success Recruitment,Rugby,Warwickshire,unregistered_title,,,2026-07-23,2026-07-30,8
West Midlands - Coventry & Warwickshire,21618_21478_JR16571-6fb763ee53261fcefb7e9c671fc8c85c,Theatre Practitioner - Anaesthetics & Recovery,Ramsay Health Care,Stratford-upon-avon,Warwickshire,unregistered_title,,,2026-07-01,2026-07-22,8
West Midlands - Coventry & Warwickshire,c485674e-75c2-4d28-aac9-3bf1361732b2,WCA Nurse - Hybrid,Maximus,Coventry,Warwickshire,unregistered_title,,,2026-07-10,2026-07-17,8
West Midlands - Coventry & Warwickshire,1529114,Business Support & Office Manager,Third Solutions,Rugby,Warwickshire,unregistered_title,,,2026-07-25,2026-07-31,7
West Midlands - Coventry & Warwickshire,727e12b7-0114-4b0a-b593-c4ba07e279f1,IFA Client Administrator,Ortus PSR,Warwick,Warwickshire,unregistered_title,,,2026-07-01,2026-07-07,7
West Midlands - Coventry & Warwickshire,3befe4ec-87db-4bf3-9336-a0684768baa9,Senior IFA Administrator - Financial Planning,NJR Recruitment,Warwick,Warwickshire,unregistered_title,,,2026-07-01,2026-07-07,7
West Midlands - Coventry & Warwickshire,bda96f3f-d3bc-45c5-b3d0-8bcb284335aa,Commercial Legal Secretary,G2 Legal Limited,Coventry,Warwickshire,unregistered_title,,,2026-07-10,2026-07-15,6
West Midlands - Coventry & Warwickshire,107635618,Housing Scheme Manager,Blue Arrow - Coventry,Warwick,Warwickshire,unregistered_title,,,2026-07-06,2026-07-11,6
West Midlands - Coventry & Warwickshire,aa619ee5-eac6-4092-9558-b2146897dc6c,Rail Administrator,Love Success Recruitment,Rugby,Warwickshire,unregistered_title,,,2026-07-17,2026-07-22,6
West Midlands - Coventry & Warwickshire,107554117,Support Worker Complex Needs Day Service,Heart of England Mencap,Leamington Spa,Warwickshire,unregistered_title,,,2026-07-01,2026-07-06,6
West Midlands - Coventry & Warwickshire,87272d35-f1e6-4b9d-9b06-f834f49dd035,"Children's Social Worker, Family Support and Intervention Team, West / East Midlands",PPR Social Care,Atherstone,Warwickshire,unregistered_title,,,2026-07-20,2026-07-24,5
West Midlands - Coventry & Warwickshire,0cf04d60-d124-4a7b-a512-115053f02f75,"Family Court Adviser, Qualified Social Worker - CAFCASS, West Midlands",PPR Social Care,Coventry,Warwickshire,unregistered_title,,,2026-07-20,2026-07-24,5
West Midlands - Coventry & Warwickshire,368f9d82-78bd-4586-a1dc-231a44846bdd,"Family Court Adviser, Qualified Social Worker - CAFCASS, West Midlands",PPR Social Care,Coventry,Warwickshire,unregistered_title,,,2026-07-27,2026-07-31,5
West Midlands - Coventry & Warwickshire,107643974,Housing Support Officer,Hamilton Woods,Stratford-upon-avon,Warwickshire,unregistered_title,,,2026-07-09,2026-07-16,5
West Midlands - Coventry & Warwickshire,2b525655-1df6-4daf-9395-4f2a9ffcd995,"Children's Social Work, Lead Child Protection Planner, Warwickshire",PPR Social Care,Nuneaton,Warwickshire,unregistered_title,,,2026-07-27,2026-07-30,4
West Midlands - Coventry & Warwickshire,be1214d8-345c-4c73-a076-9fa1ba0f5c8a,HR Administrator (People Operations),Pontoon,Warwick,Warwickshire,unregistered_title,,,2026-07-28,2026-07-31,4
West Midlands - Coventry & Warwickshire,dfd7d156-9a1c-4512-9b81-e6446c2d5571,Registry Administrator,Thefutureworks,Coventry,Warwickshire,unregistered_title,,,2026-07-28,2026-07-31,4
West Midlands - Coventry & Warwickshire,6568e348-3972-4f61-a784-85e848a88253,Nursing Operations Manager,Healthcare Clinical Recruitment Ltd,Leamington Spa,Warwickshire,unregistered_title,,,2026-07-29,2026-07-31,3
West Midlands - Coventry & Warwickshire,26c4e84f-e3ee-4d79-97f9-4105c719d965,Programme Coordinator,Reed in Partnership,Coventry,Warwickshire,unregistered_title,,,2026-07-29,2026-07-31,3
West Midlands - Coventry & Warwickshire,53a02b8e-c94e-4856-95d8-4074559fb5fe,Qualified Social Worker Family Court Adviser CAFCASS,Randstad Care,Coventry,Warwickshire,unregistered_title,,,2026-07-29,2026-07-31,3
West Midlands - Coventry & Warwickshire,6ea637e2-ee9c-4ceb-9329-51f215cc2b13,Registered Manager - Supported Accommodation (16-18),YourRecruit,Coventry,Warwickshire,unregistered_title,,,2026-07-29,2026-07-31,3
West Midlands - Coventry & Warwickshire,4806d8cd-3bf7-4f5a-bdde-6e15cff17677,"Residential Children's Workers, Warwickshire",PPR Social Care,Stratford-upon-avon,Warwickshire,unregistered_title,,,2026-07-29,2026-07-31,3
West Midlands - Coventry & Warwickshire,4e436f08-72d0-4f87-bc0e-3ca4ae03ba78,"Residential Children's Workers, Warwickshire",PPR Social Care,Nuneaton,Warwickshire,unregistered_title,,,2026-07-29,2026-07-31,3
West Midlands - Coventry & Warwickshire,77e8f4f9-5b09-4fe3-adb7-559b111115a0,Senior Occupational Therapist (Band 6),Cygnet,Coventry,Warwickshire,unregistered_title,,,2026-07-29,2026-07-31,3
West Midlands - Coventry & Warwickshire,107385154,Audi Vehicle Service Technician,Listers,Coventry,Warwickshire,unregistered_title,,,2026-07-01,2026-07-03,2
West Midlands - Coventry & Warwickshire,107763411,Billing Operations Administrator,Manpower,Warwick,Warwickshire,unregistered_title,,,2026-07-30,2026-07-31,2
West Midlands - Coventry & Warwickshire,ed881ccc-80b8-465f-8d3a-219656ffc9e4,Business Support & Office Manager,Third Solutions,Rugby,Warwickshire,unregistered_title,,,2026-07-30,2026-07-31,2
West Midlands - Coventry & Warwickshire,acf06f2a-4dfc-4c75-85a5-b9b53233a64b,"Children's Social Work, Lead Child Protection Planner, Warwickshire",PPR Social Care,Nuneaton,Warwickshire,unregistered_title,,,2026-07-01,2026-07-02,2
West Midlands - Coventry & Warwickshire,29def4af-36b7-4938-b27a-acadc42d0815,Ifa Administrator - Hybrid,Reed,Leamington Spa,Warwickshire,unregistered_title,,,2026-07-01,2026-07-02,2
West Midlands - Coventry & Warwickshire,107385504,New & Used Vehicle Preparation Technician,Listers,Warwick,Warwickshire,unregistered_title,,,2026-07-01,2026-07-03,2
West Midlands - Coventry & Warwickshire,21618_21478_JR14797-6fb763ee53261fcefb7e9c671fc8c85c,Senior Staff Nurse - Wards,Ramsay Health Care,Stratford-upon-avon,Warwickshire,unregistered_title,,,2026-07-01,2026-07-02,2
West Midlands - Coventry & Warwickshire,e041e990-c671-42f8-a426-7d228c40dc53,Substation Administrator,Pontoon,Coventry,Warwickshire,unregistered_title,,,2026-07-16,2026-07-17,2
West Midlands - Coventry & Warwickshire,c2eed0b0-843a-4e3c-aae3-57a10b68b329,Support Worker - Respite Service (Learning Disabilities) - Stratford Upon Avon,Heart of England Mencap,Stratford-upon-avon,Warwickshire,unregistered_title,,,2026-07-16,2026-07-17,2
West Midlands - Coventry & Warwickshire,107553879,Support Worker Short Breaks Service Leamington Spa,Heart of England Mencap,Leamington Spa,Warwickshire,unregistered_title,,,2026-07-03,2026-07-04,2
West Midlands - Coventry & Warwickshire,107385142,Volkswagen Vehicle Technician,Listers,Stratford-upon-avon,Warwickshire,unregistered_title,,,2026-07-01,2026-07-03,2
West Midlands - Coventry & Warwickshire,298c6500-8008-4a5a-aff7-1c4e84c95e8f,Board & Secretarial Administrator,Lantra,Kenilworth,Warwickshire,unregistered_title,,,2026-07-31,2026-07-31,1
West Midlands - Coventry & Warwickshire,955ee81e-e25f-4218-a9a9-91e685229da1,"Children's Social Work, Lead Child Protection Planner, Warwickshire",PPR Social Care,Leamington Spa,Warwickshire,unregistered_title,,,2026-07-01,2026-07-01,1
West Midlands - Coventry & Warwickshire,107682817,Childrens Social Worker,Leaders In Care Recruitment Ltd,Stratford-upon-avon,Warwickshire,unregistered_title,,,2026-07-31,2026-07-31,1
West Midlands - Coventry & Warwickshire,107706506,Diagnostic Vehicle Technician,Listers,Stratford-upon-avon,Warwickshire,unregistered_title,,,2026-07-31,2026-07-31,1
West Midlands - Coventry & Warwickshire,f3ac57c5-ec20-46b6-aeff-ef238c0a7098,Project Office Co-ordinator,Thefutureworks,Coventry,Warwickshire,unregistered_title,,,2026-07-15,2026-07-15,1
West Midlands - Coventry & Warwickshire,107657961,Registered Nurse (RGN) - Care Home,Career Makers,Nuneaton,Warwickshire,unregistered_title,,,2026-07-09,2026-07-09,1
West Midlands - Coventry & Warwickshire,107664745,Senior Data Consultant,Gazelle Global Consulting Ltd,Coventry,Warwickshire,unregistered_title,,,2026-07-15,2026-07-15,1
West Midlands - Coventry & Warwickshire,107706177,Volkswagen Vehicle Technician,Listers,Stratford-upon-avon,Warwickshire,unregistered_title,,,2026-07-31,2026-07-31,1
