source_job_id,action,fingerprint
256120,select,d44c3d66222634cf722a8e27eb25a1d13181677b771cab2a040902839535e11f
256121,select,d7f6c3e37eb7c8ee4c9298ee2976171929d5c3e1110f5e99e3e03a72d7761348
256122,select,a05d62d9b10eccfad0383211256b3cf88308227e417a7983b672dde8f2c207a5
256124,select,a5d90f177cf4376f8dac88e4b0c2883e255be98eeb0879b187d42f30145208ef
256125,select,f599c193f57469acbfeed03067674de443af91b52c7caa19243df65e31ae7e45
256126,select,7a385973426b16406dfb1bd104858bdb25c9975f74bf05f65e899510ca22ea50
256127,select,fec0e7e3bde5a6bc60f34a768a609108ff0bbf5b1719497d0d6767f4daf01c7d
299277,select,293ec6aae85df2c556ebd5dcdab8f7816461270bffea42d272aad5ca1bda1ba2
299764,select,7f7e0496827cfd4db6fbd01665c886a720d6c830eb75b7c69329dfd268188433
299796,select,292ea21a08d73ec9eb8c59b2499d7fd7ac72fa830f931bfc39af516a76a54ddd
299877,select,f0cf020d6bba0b84748fbb972847d427f2959a9ad07d9f3ddd704cfb19eabe0f
299943,exclude,65d6126410a70a534f774a58351194f5c57f6e2c61db2580c8027ab064b53d38
300012,exclude,0be9ca095fe432bf27744b161cf27c7a0f2aa044e539cc8816ce13558adc19a4
300105,select,35b48972425086e77c79c22ded61de718ec5b3a583602f85205ca0232c0c2046
300212,select,6808da3d5d7cc121b8e96babdb5135ac3b628548fd890113e60e70656dcdfab0
300336,exclude,9259b2780cb24f65549f36647950c317f3141ef7d3b808b432821141005f3c49
300360,select,87e4bab250e3eb5807a5a714367bcb0c7d7043d5695ff5d53feb99ed211ebbf4
300450,exclude,8f58956902521fce171711cbb0892fa94f72d62bacdaebc8aff5ec63e0093d2d
300485,select,0ca915c6076b3d04a6c2c54fab24e2d6df64c11683fbe995c028113560d7857a
300505,select,fa95bcb9ed49e5a4178fcf0323165920af231b3ef8d069dc39350fd74a530fde
300512,select,9954292210cc07804725fd7c574709a8b41ddcd07c239e456e321eef7bfc1962
300549,select,7cf2f462758ebbaeb578438291d3a580d045e0f7bb881eb04d99f58b60659868
300579,select,43c6c134b1b977d1872a816c780d28034f40c8ee22867deb0e6ff923e54294a3
300592,exclude,581c7c422d0091a614b009287d9e1af8ed76d39e8462ef927b2833310e21a1ab
300614,select,65d574e7777fb1b0b55723ebdd0297cb9f922fbc8adcf93b41cb75f299982714
300628,select,68b79d4a8357cc87073beb7f9554aec427568428c5f25325760804cdc99389e7
300632,select,ba2e57de9903f15987754d56ee2e4a856c8bdf2114f89c8bdb30029ca0eee5db
300646,select,66d599b3914e053449f0a875a6d2fe53580afd2b6515d5643ae7e0fc060ac66d
300662,select,1c8224638d3ac85ea727787227afcfdc2ec7c41e1aaf2051a74f5777443b1867
300715,exclude,b41efc20685ff7fafa08d5dcbd834129966b4e324c56ebf7c7bf5b033dbaa0c7
300742,select,7665b69b80e6210de79bd093c6c471ffd43aed14759d765a56becd5325c2e27d
300776,select,9a424dd726287457bf5ffc6d8dc6649140ec3f12374601dd9dc9133c345f3b9d
300777,select,8e64609fab20aad1b7211c5496810d55a82accf47bb6d9098bdfc214b70fab6f
300955,select,400db54037fe7075695b94256f994ab27bae2574d1a1f012b248323e26324c39
300972,select,3b3813838ed9aafa4763d66a9c7fe8cd1267f919d3eb1bacb6c89195b921f020
301015,exclude,38a07f065ddef9f52c1e9b5fbc30f746ccc1195fc636e52e681fe22b8bb868e3
301056,exclude,9803888e4f38e96c28d7d0ee042ce644fcc8a72e1bfba234e56cffb4bf0c8ad9
