title,classification,review_status,reason,count_in_feed,west_south_regions_seen,example_towns
Band 5 Complaints Administrator,ELASTIC_FIT,INITIAL_CLASSIFICATION_2026-06-17,Adjacent customer-service wording: complaints,1,,City (1)
Call Centre and Admin Assistant-,ELASTIC_FIT,INITIAL_CLASSIFICATION_2026-06-17,Adjacent customer-service wording: call centre,1,,Kingston Upon Thames (1)
Call Centre and Admin. Assistant,ELASTIC_FIT,INITIAL_CLASSIFICATION_2026-06-17,Adjacent customer-service wording: call centre,1,,Inverurie (1)
Client Services Administrator,ELASTIC_FIT,INITIAL_CLASSIFICATION_2026-06-17,"Adjacent customer-service wording: client service, client services",1,,Bristol (1)
Customer Care Administrator,ELASTIC_FIT,INITIAL_CLASSIFICATION_2026-06-17,Adjacent customer-service wording: customer care,1,,York (1)
Customer Service Admin,ELASTIC_FIT,INITIAL_CLASSIFICATION_2026-06-17,Adjacent customer-service wording: customer service,1,,Stockton-on-tees (1)
Customer Service Administrator,ELASTIC_FIT,INITIAL_CLASSIFICATION_2026-06-17,Adjacent customer-service wording: customer service,12,,Kingston Upon Thames (1); Sheffield (1); Trowbridge (1); Livingston (1); Huddersfield (1)
Customer Support Administrator,ELASTIC_FIT,INITIAL_CLASSIFICATION_2026-06-17,Adjacent customer-service wording: customer support,1,,Hook (1)
Helpdesk Administrator,ELASTIC_FIT,INITIAL_CLASSIFICATION_2026-06-17,Adjacent customer-service wording: helpdesk,1,,Bracknell (1)
Member Services Officer,ELASTIC_FIT,INITIAL_CLASSIFICATION_2026-06-17,Adjacent customer-service wording: member services,1,,Not Specified (1)
Office Administrator & Customer Service Specialist,ELASTIC_FIT,INITIAL_CLASSIFICATION_2026-06-17,Adjacent customer-service wording: customer service,1,,City (1)
Optical Assistant/ Call Centre Assistant,ELASTIC_FIT,INITIAL_CLASSIFICATION_2026-06-17,Adjacent customer-service wording: call centre,1,,Brighton (1)
Accounts Administrator,REVIEW_CONTEXT_DEPENDENT,INCLUDED_FOR_REVIEW_2026-06-17,Adjacent service/admin wording: administrator,6,,Shrewsbury (1); Norwich (1); Beaconsfield (1); Barnet (1); Waltham Cross (1)
Accounts and Office Administrator,REVIEW_CONTEXT_DEPENDENT,INCLUDED_FOR_REVIEW_2026-06-17,Adjacent service/admin wording: administrator,1,,Sevenoaks (1)
Accounts Purchasing & Administration Supervisor,REVIEW_CONTEXT_DEPENDENT,INCLUDED_FOR_REVIEW_2026-06-17,Adjacent service/admin wording: administration,2,,Milton Keynes (2)
Administration and Finance Officer,REVIEW_CONTEXT_DEPENDENT,INCLUDED_FOR_REVIEW_2026-06-17,Adjacent service/admin wording: administration,1,,Spalding (1)
Administration Assistant,REVIEW_CONTEXT_DEPENDENT,INCLUDED_FOR_REVIEW_2026-06-17,Adjacent service/admin wording: administration,2,,Antrim (1); Whitehaven (1)
Administration Officer,REVIEW_CONTEXT_DEPENDENT,INCLUDED_FOR_REVIEW_2026-06-17,Adjacent service/admin wording: administration,2,,Limavady (1); Ballymena (1)
Administration Officer - Learning & Development Administrative Support Officer (Stormont),REVIEW_CONTEXT_DEPENDENT,INCLUDED_FOR_REVIEW_2026-06-17,Adjacent service/admin wording: administration,1,,City (1)
Administration Supervisor - Mortgages,REVIEW_CONTEXT_DEPENDENT,INCLUDED_FOR_REVIEW_2026-06-17,Adjacent service/admin wording: administration,2,,Wigston (2)
Administration Support Officer - Finance Newry,REVIEW_CONTEXT_DEPENDENT,INCLUDED_FOR_REVIEW_2026-06-17,Adjacent service/admin wording: administration,1,,Not Specified (1)
Administrator,REVIEW_CONTEXT_DEPENDENT,INCLUDED_FOR_REVIEW_2026-06-17,Adjacent service/admin wording: administrator,3,,Invergordon (1); City (1); Exeter (1)
Administrator (Part Time),REVIEW_CONTEXT_DEPENDENT,INCLUDED_FOR_REVIEW_2026-06-17,Adjacent service/admin wording: administrator,1,,Coleraine (1)
Administrator - Financial Services,REVIEW_CONTEXT_DEPENDENT,INCLUDED_FOR_REVIEW_2026-06-17,Adjacent service/admin wording: administrator,1,,Not Specified (1)
Administrator / Paraplanner,REVIEW_CONTEXT_DEPENDENT,INCLUDED_FOR_REVIEW_2026-06-17,Adjacent service/admin wording: administrator,1,,Norwich (1)
Aftercare Parts Co-ordinator,REVIEW_CONTEXT_DEPENDENT,INCLUDED_FOR_REVIEW_2026-06-17,Adjacent service/admin wording: co-ordinator,1,,Not Specified (1)
Asset Care Coordinator - East Kilbride,REVIEW_CONTEXT_DEPENDENT,INCLUDED_FOR_REVIEW_2026-06-17,Adjacent service/admin wording: coordinator,1,,East Kilbride (1)
Assistant Pensions Administrator,REVIEW_CONTEXT_DEPENDENT,INCLUDED_FOR_REVIEW_2026-06-17,Adjacent service/admin wording: administrator,1,,Winchester (1)
Band 2 Administrator temporary Full Time,REVIEW_CONTEXT_DEPENDENT,INCLUDED_FOR_REVIEW_2026-06-17,Adjacent service/admin wording: administrator,1,,Bangor (1)
Bankruptcy Administrator,REVIEW_CONTEXT_DEPENDENT,INCLUDED_FOR_REVIEW_2026-06-17,Adjacent service/admin wording: administrator,1,,Manchester (1)
Billing Administrator,REVIEW_CONTEXT_DEPENDENT,INCLUDED_FOR_REVIEW_2026-06-17,Adjacent service/admin wording: administrator,1,,Sheffield (1)
Business Performance Coordinator,REVIEW_CONTEXT_DEPENDENT,INCLUDED_FOR_REVIEW_2026-06-17,Adjacent service/admin wording: coordinator,1,,Broxbourne (1)
Business Support Administrator (Temporary),REVIEW_CONTEXT_DEPENDENT,INCLUDED_FOR_REVIEW_2026-06-17,Adjacent service/admin wording: administrator,1,,City (1)
Care Co-Ordinator,REVIEW_CONTEXT_DEPENDENT,INCLUDED_FOR_REVIEW_2026-06-17,Adjacent service/admin wording: co-ordinator,1,,Newport (1)
Care Coordinator,REVIEW_CONTEXT_DEPENDENT,INCLUDED_FOR_REVIEW_2026-06-17,Adjacent service/admin wording: coordinator,6,,Wareham (1); Blackburn (1); Not Specified (1); Burnley (1); Hyde (1)
Carnet Administrator,REVIEW_CONTEXT_DEPENDENT,INCLUDED_FOR_REVIEW_2026-06-17,Adjacent service/admin wording: administrator,1,,Ashford (1)
Client Relationship Administrator,REVIEW_CONTEXT_DEPENDENT,INCLUDED_FOR_REVIEW_2026-06-17,Adjacent service/admin wording: administrator,1,,Not Specified (1)
"Client Services Manager, Pension Administration",REVIEW_CONTEXT_DEPENDENT,INITIAL_CLASSIFICATION_2026-06-17,"Customer-service wording present but senior/technical/sales wording also present: client service, client services, manager",1,,Bristol (1)
Client Support Administrator,REVIEW_CONTEXT_DEPENDENT,INCLUDED_FOR_REVIEW_2026-06-17,"Adjacent service/admin wording: administrator, client support",1,,Not Specified (1)
Clinical Coordinator UK,REVIEW_CONTEXT_DEPENDENT,INCLUDED_FOR_REVIEW_2026-06-17,Adjacent service/admin wording: coordinator,1,,Glasgow (1)
Commercial Operations Coordinator,REVIEW_CONTEXT_DEPENDENT,INCLUDED_FOR_REVIEW_2026-06-17,Adjacent service/admin wording: coordinator,1,,Hull (1)
Commercial Sales Coordinator,REVIEW_CONTEXT_DEPENDENT,INCLUDED_FOR_REVIEW_2026-06-17,Adjacent service/admin wording: coordinator,1,,Northampton (1)
Compliance Administrator,REVIEW_CONTEXT_DEPENDENT,INCLUDED_FOR_REVIEW_2026-06-17,Adjacent service/admin wording: administrator,1,,Nottingham (1)
Compliance and Care Coordinator - Extra Care Scheme,REVIEW_CONTEXT_DEPENDENT,INCLUDED_FOR_REVIEW_2026-06-17,Adjacent service/admin wording: coordinator,1,,Not Specified (1)
Contentious Insolvency Administrator,REVIEW_CONTEXT_DEPENDENT,INCLUDED_FOR_REVIEW_2026-06-17,Adjacent service/admin wording: administrator,1,,Not Specified (1)
Contracts Assistant / Administrator - Warwickshire,REVIEW_CONTEXT_DEPENDENT,INCLUDED_FOR_REVIEW_2026-06-17,Adjacent service/admin wording: administrator,1,,Warwick (1)
Corporate Financial Administrator (Trainee - Entry Level),REVIEW_CONTEXT_DEPENDENT,INCLUDED_FOR_REVIEW_2026-06-17,Adjacent service/admin wording: administrator,1,,Stockton-on-tees (1)
Corporate Insolvency Case Administrator,REVIEW_CONTEXT_DEPENDENT,INCLUDED_FOR_REVIEW_2026-06-17,Adjacent service/admin wording: administrator,1,,Bolton (1)
Customer Care Supervisor,REVIEW_CONTEXT_DEPENDENT,INITIAL_CLASSIFICATION_2026-06-17,"Customer-service wording present but senior/technical/sales wording also present: customer care, supervisor",1,,Chippenham (1)
Customer Ecommerce Administrator,REVIEW_CONTEXT_DEPENDENT,INCLUDED_FOR_REVIEW_2026-06-17,Adjacent service/admin wording: administrator,1,,Heywood (1)
Customer Operations Coordinator,REVIEW_CONTEXT_DEPENDENT,INCLUDED_FOR_REVIEW_2026-06-17,Adjacent service/admin wording: coordinator,1,,City (1)
Data Administrator,REVIEW_CONTEXT_DEPENDENT,INCLUDED_FOR_REVIEW_2026-06-17,Adjacent service/admin wording: administrator,1,,Sheffield (1)
DB Pensions Administrator,REVIEW_CONTEXT_DEPENDENT,INCLUDED_FOR_REVIEW_2026-06-17,Adjacent service/admin wording: administrator,1,,Reading (1)
DB Senior Pensions Administrator,REVIEW_CONTEXT_DEPENDENT,INCLUDED_FOR_REVIEW_2026-06-17,Adjacent service/admin wording: administrator,1,,Reading (1)
Despatch Administrator (Temporary Maternity Cover),REVIEW_CONTEXT_DEPENDENT,INCLUDED_FOR_REVIEW_2026-06-17,Adjacent service/admin wording: administrator,1,,Bridlington (1)
Despatch Administrator - Temporary Maternity Cover,REVIEW_CONTEXT_DEPENDENT,INCLUDED_FOR_REVIEW_2026-06-17,Adjacent service/admin wording: administrator,1,,Bridlington (1)
Driver Risk Administrator,REVIEW_CONTEXT_DEPENDENT,INCLUDED_FOR_REVIEW_2026-06-17,Adjacent service/admin wording: administrator,1,,Dunstable (1)
Engineer Attendance - Area Co-ordinator,REVIEW_CONTEXT_DEPENDENT,INCLUDED_FOR_REVIEW_2026-06-17,Adjacent service/admin wording: co-ordinator,1,,Leeds (1)
Engineering Administrator,REVIEW_CONTEXT_DEPENDENT,INCLUDED_FOR_REVIEW_2026-06-17,Adjacent service/admin wording: administrator,1,,Milton Keynes (1)
Engineering Administrator (Field Service),REVIEW_CONTEXT_DEPENDENT,INCLUDED_FOR_REVIEW_2026-06-17,Adjacent service/admin wording: administrator,1,,Exeter (1)
Export/Import Administrator,REVIEW_CONTEXT_DEPENDENT,INCLUDED_FOR_REVIEW_2026-06-17,Adjacent service/admin wording: administrator,1,,Sheffield (1)
Facilities Admin Co-ordinator,REVIEW_CONTEXT_DEPENDENT,INCLUDED_FOR_REVIEW_2026-06-17,Adjacent service/admin wording: co-ordinator,1,,Milton Keynes (1)
Finance Administrator,REVIEW_CONTEXT_DEPENDENT,INCLUDED_FOR_REVIEW_2026-06-17,Adjacent service/admin wording: administrator,4,,Swindon (1); Bishopton (1); Dereham (1); Not Specified (1)
Finance Administrator (Enniskillen),REVIEW_CONTEXT_DEPENDENT,INCLUDED_FOR_REVIEW_2026-06-17,Adjacent service/admin wording: administrator,1,,Enniskillen (1)
Finance Administrator (Newry),REVIEW_CONTEXT_DEPENDENT,INCLUDED_FOR_REVIEW_2026-06-17,Adjacent service/admin wording: administrator,1,,Not Specified (1)
Finance Administrator - Part-Time,REVIEW_CONTEXT_DEPENDENT,INCLUDED_FOR_REVIEW_2026-06-17,Adjacent service/admin wording: administrator,1,,Not Specified (1)
Financial Administrator,REVIEW_CONTEXT_DEPENDENT,INCLUDED_FOR_REVIEW_2026-06-17,Adjacent service/admin wording: administrator,4,,Maidstone (1); Leatherhead (1); Chester (1); Warrington (1)
Financial Planning Administrator,REVIEW_CONTEXT_DEPENDENT,INCLUDED_FOR_REVIEW_2026-06-17,Adjacent service/admin wording: administrator,13,,Not Specified (2); Fareham (1); Maidstone (1); Leeds (1); Sheffield (1)
Financial Planning Administrator (Part Time),REVIEW_CONTEXT_DEPENDENT,INCLUDED_FOR_REVIEW_2026-06-17,Adjacent service/admin wording: administrator,1,,Bury (1)
"Financial Planning Administrator - Sheffield - Basic salary to £31,000",REVIEW_CONTEXT_DEPENDENT,INCLUDED_FOR_REVIEW_2026-06-17,Adjacent service/admin wording: administrator,1,,Sheffield (1)
Financial Services Administrator,REVIEW_CONTEXT_DEPENDENT,INCLUDED_FOR_REVIEW_2026-06-17,Adjacent service/admin wording: administrator,11,,Leicester (1); Not Specified (1); Haywards Heath (1); York (1); Selby (1)
Fleet Administrator,REVIEW_CONTEXT_DEPENDENT,INCLUDED_FOR_REVIEW_2026-06-17,Adjacent service/admin wording: administrator,1,,Kettering (1)
Fleet Sales Co-ordinator,REVIEW_CONTEXT_DEPENDENT,INCLUDED_FOR_REVIEW_2026-06-17,Adjacent service/admin wording: co-ordinator,1,,City (1)
Flexible Bank Housing Management Coordinator,REVIEW_CONTEXT_DEPENDENT,INCLUDED_FOR_REVIEW_2026-06-17,Adjacent service/admin wording: coordinator,1,,Camborne (1)
Front of House Person,REVIEW_CONTEXT_DEPENDENT,INCLUDED_FOR_REVIEW_2026-06-17,Adjacent service/admin wording: front of house,1,,City (1)
Full-Time Customer Administrator,REVIEW_CONTEXT_DEPENDENT,INCLUDED_FOR_REVIEW_2026-06-17,Adjacent service/admin wording: administrator,1,,Hastings (1)
Funeral Care Coordinator,REVIEW_CONTEXT_DEPENDENT,INCLUDED_FOR_REVIEW_2026-06-17,Adjacent service/admin wording: coordinator,9,,Taunton (1); Colchester (1); Tiverton (1); Yeovil (1); Bridgwater (1)
German speaking Recall Administrator,REVIEW_CONTEXT_DEPENDENT,INCLUDED_FOR_REVIEW_2026-06-17,Adjacent service/admin wording: administrator,1,,Not Specified (1)
Group Regulatory Administrator,REVIEW_CONTEXT_DEPENDENT,INCLUDED_FOR_REVIEW_2026-06-17,Adjacent service/admin wording: administrator,1,,Leeds (1)
HC Care Co-ordinator,REVIEW_CONTEXT_DEPENDENT,INCLUDED_FOR_REVIEW_2026-06-17,Adjacent service/admin wording: co-ordinator,1,,Grimsby (1)
Head Office Coordinator,REVIEW_CONTEXT_DEPENDENT,INCLUDED_FOR_REVIEW_2026-06-17,Adjacent service/admin wording: coordinator,1,,Gloucester (1)
Health Roster Administrator,REVIEW_CONTEXT_DEPENDENT,INCLUDED_FOR_REVIEW_2026-06-17,Adjacent service/admin wording: administrator,1,,Gilford (1)
Healthcare & Group Risk Administrator,REVIEW_CONTEXT_DEPENDENT,INCLUDED_FOR_REVIEW_2026-06-17,Adjacent service/admin wording: administrator,1,,Bristol (1)
Healthcare Administrator,REVIEW_CONTEXT_DEPENDENT,INCLUDED_FOR_REVIEW_2026-06-17,Adjacent service/admin wording: administrator,1,,Woking (1)
Hire Coordinator,ELASTIC_FIT,REGISTER_EXPANSION_2026-08-12,credible customer-service/support crossover; reviewed from 12 Aug expanded feed,1,,Aylesbury (1)
Housing Management Coordinator,REVIEW_CONTEXT_DEPENDENT,INCLUDED_FOR_REVIEW_2026-06-17,Adjacent service/admin wording: coordinator,1,,Penzance (1)
HR Administrator,REVIEW_CONTEXT_DEPENDENT,INCLUDED_FOR_REVIEW_2026-06-17,Adjacent service/admin wording: administrator,1,,Northwich (1)
Human Resources Administrator,REVIEW_CONTEXT_DEPENDENT,INCLUDED_FOR_REVIEW_2026-06-17,Adjacent service/admin wording: administrator,1,,Lisburn (1)
IFA Administration Operations Manager,REVIEW_CONTEXT_DEPENDENT,INCLUDED_FOR_REVIEW_2026-06-17,Adjacent service/admin wording: administration,1,,Bournemouth (1)
IFA Administrator,REVIEW_CONTEXT_DEPENDENT,INCLUDED_FOR_REVIEW_2026-06-17,Adjacent service/admin wording: administrator,18,,Not Specified (4); Taunton (2); Liverpool (2); Leeds (2); St. Albans (1)
IFA Administrator (Exclusive to Taylor James),REVIEW_CONTEXT_DEPENDENT,INCLUDED_FOR_REVIEW_2026-06-17,Adjacent service/admin wording: administrator,1,,Manchester (1)
IFA Administrator - Hybrid/Remote,REVIEW_CONTEXT_DEPENDENT,INCLUDED_FOR_REVIEW_2026-06-17,Adjacent service/admin wording: administrator,1,,Cardiff (1)
IFA Administrator / Financial Services Administrator,REVIEW_CONTEXT_DEPENDENT,INCLUDED_FOR_REVIEW_2026-06-17,Adjacent service/admin wording: administrator,1,,Not Specified (1)
Ifa Administrator upto 2 days home working,REVIEW_CONTEXT_DEPENDENT,INCLUDED_FOR_REVIEW_2026-06-17,Adjacent service/admin wording: administrator,1,,Bristol (1)
IFA Administrator/Financial Services Administrator,REVIEW_CONTEXT_DEPENDENT,INCLUDED_FOR_REVIEW_2026-06-17,Adjacent service/admin wording: administrator,1,,Northampton (1)
IFA Administrator/Paraplanner (IFA Firm),REVIEW_CONTEXT_DEPENDENT,INCLUDED_FOR_REVIEW_2026-06-17,Adjacent service/admin wording: administrator,1,,Manchester (1)
Inshore Boating Support Administrator,REVIEW_CONTEXT_DEPENDENT,INCLUDED_FOR_REVIEW_2026-06-17,Adjacent service/admin wording: administrator,1,,Not Specified (1)
Insolvency Administrator,REVIEW_CONTEXT_DEPENDENT,INCLUDED_FOR_REVIEW_2026-06-17,Adjacent service/admin wording: administrator,5,,Bolton (1); Newcastle Upon Tyne (1); Manchester (1); Edinburgh (1); Brentwood (1)
Insolvency Administrator London,REVIEW_CONTEXT_DEPENDENT,INCLUDED_FOR_REVIEW_2026-06-17,Adjacent service/admin wording: administrator,1,,Not Specified (1)
Insolvency Case Administrator,REVIEW_CONTEXT_DEPENDENT,INCLUDED_FOR_REVIEW_2026-06-17,Adjacent service/admin wording: administrator,1,,Not Specified (1)
Internal sales support administrator,REVIEW_CONTEXT_DEPENDENT,INCLUDED_FOR_REVIEW_2026-06-17,Adjacent service/admin wording: administrator,1,,Not Specified (1)
Internal Salesperson (Administrator),REVIEW_CONTEXT_DEPENDENT,INCLUDED_FOR_REVIEW_2026-06-17,Adjacent service/admin wording: administrator,1,,Newcastle Upon Tyne (1)
Investment Management Administrator,REVIEW_CONTEXT_DEPENDENT,INCLUDED_FOR_REVIEW_2026-06-17,Adjacent service/admin wording: administrator,1,,Manchester (1)
Investment Support Administrator,REVIEW_CONTEXT_DEPENDENT,INCLUDED_FOR_REVIEW_2026-06-17,Adjacent service/admin wording: administrator,1,,Colchester (1)
Ivanti Administrator (Enterprise Patching),REVIEW_CONTEXT_DEPENDENT,INCLUDED_FOR_REVIEW_2026-06-17,Adjacent service/admin wording: administrator,1,,Not Specified (1)
Japanese speaking IT Administrator,REVIEW_CONTEXT_DEPENDENT,INCLUDED_FOR_REVIEW_2026-06-17,Adjacent service/admin wording: administrator,1,,Not Specified (1)
Learning and Development Administrator,REVIEW_CONTEXT_DEPENDENT,INCLUDED_FOR_REVIEW_2026-06-17,Adjacent service/admin wording: administrator,1,,Carryduff (1)
Learning and Development Administrator (Part-time),REVIEW_CONTEXT_DEPENDENT,INCLUDED_FOR_REVIEW_2026-06-17,Adjacent service/admin wording: administrator,1,,City (1)
Legal Administrator,REVIEW_CONTEXT_DEPENDENT,INCLUDED_FOR_REVIEW_2026-06-17,Adjacent service/admin wording: administrator,1,,Taunton (1)
Legal Administrator (Derry/Londonderry),REVIEW_CONTEXT_DEPENDENT,INCLUDED_FOR_REVIEW_2026-06-17,Adjacent service/admin wording: administrator,1,,Londonderry (1)
Loans Administrator,REVIEW_CONTEXT_DEPENDENT,INCLUDED_FOR_REVIEW_2026-06-17,Adjacent service/admin wording: administrator,1,,St. Asaph (1)
Logistics Administrator,REVIEW_CONTEXT_DEPENDENT,INCLUDED_FOR_REVIEW_2026-06-17,Adjacent service/admin wording: administrator,2,,Sheffield (1); Guildford (1)
Maintenance Administrator - Data Entry Clerk,REVIEW_CONTEXT_DEPENDENT,INCLUDED_FOR_REVIEW_2026-06-17,Adjacent service/admin wording: administrator,1,,Bampton (1)
Mandarin Speaking Account Service Administrator - Banking,REVIEW_CONTEXT_DEPENDENT,INCLUDED_FOR_REVIEW_2026-06-17,Adjacent service/admin wording: administrator,1,,Not Specified (1)
Master Data Administrator,REVIEW_CONTEXT_DEPENDENT,INCLUDED_FOR_REVIEW_2026-06-17,Adjacent service/admin wording: administrator,1,,Usk (1)
Medical Receptionist (12.75 hrs pw),REVIEW_CONTEXT_DEPENDENT,INCLUDED_FOR_REVIEW_2026-06-17,Adjacent service/admin wording: receptionist,1,,City (1)
Medical Receptionist (17.5 hrs pw),REVIEW_CONTEXT_DEPENDENT,INCLUDED_FOR_REVIEW_2026-06-17,Adjacent service/admin wording: receptionist,1,,City (1)
Mortgage & Protection Administrator,REVIEW_CONTEXT_DEPENDENT,INCLUDED_FOR_REVIEW_2026-06-17,Adjacent service/admin wording: administrator,2,,Not Specified (1); Sutton Coldfield (1)
Mortgage Administration Teamleader - must have exp,REVIEW_CONTEXT_DEPENDENT,INCLUDED_FOR_REVIEW_2026-06-17,Adjacent service/admin wording: administration,1,,Leicester (1)
Mortgage Administrator,REVIEW_CONTEXT_DEPENDENT,INCLUDED_FOR_REVIEW_2026-06-17,Adjacent service/admin wording: administrator,3,,Not Specified (2); Warrington (1)
"Mortgage Administrator - North Leicester - Salary up to £28,000",REVIEW_CONTEXT_DEPENDENT,INCLUDED_FOR_REVIEW_2026-06-17,Adjacent service/admin wording: administrator,1,,Leicester (1)
Mortgage and Protection Administrator,REVIEW_CONTEXT_DEPENDENT,INCLUDED_FOR_REVIEW_2026-06-17,Adjacent service/admin wording: administrator,1,,Royston (1)
Mortgage Case Manager / Administrator,REVIEW_CONTEXT_DEPENDENT,INCLUDED_FOR_REVIEW_2026-06-17,Adjacent service/admin wording: administrator,1,,Corsham (1)
NetSuite Administrator - Leading Global Company!,REVIEW_CONTEXT_DEPENDENT,INCLUDED_FOR_REVIEW_2026-06-17,Adjacent service/admin wording: administrator,1,,Not Specified (1)
Office Administrator,REVIEW_CONTEXT_DEPENDENT,INCLUDED_FOR_REVIEW_2026-06-17,Adjacent service/admin wording: administrator,1,,City (1)
Operations Systems Co-Ordinator,REVIEW_CONTEXT_DEPENDENT,INCLUDED_FOR_REVIEW_2026-06-17,Adjacent service/admin wording: co-ordinator,1,,Kenilworth (1)
PA / Receptionist / Executive Assistant - Financial Services,REVIEW_CONTEXT_DEPENDENT,INCLUDED_FOR_REVIEW_2026-06-17,Adjacent service/admin wording: receptionist,1,,Trowbridge (1)
Part Time Administrator,REVIEW_CONTEXT_DEPENDENT,INCLUDED_FOR_REVIEW_2026-06-17,Adjacent service/admin wording: administrator,1,,Dundonald (1)
part time Finance Administrator,REVIEW_CONTEXT_DEPENDENT,INCLUDED_FOR_REVIEW_2026-06-17,Adjacent service/admin wording: administrator,1,,Stockport (1)
Part time Transport Administrator,REVIEW_CONTEXT_DEPENDENT,INCLUDED_FOR_REVIEW_2026-06-17,Adjacent service/admin wording: administrator,1,,Daventry (1)
Payroll & Company Secretary Administrator,REVIEW_CONTEXT_DEPENDENT,INCLUDED_FOR_REVIEW_2026-06-17,Adjacent service/admin wording: administrator,1,,Saffron Walden (1)
Pension Administration Manager - Defined Benefits,REVIEW_CONTEXT_DEPENDENT,INCLUDED_FOR_REVIEW_2026-06-17,Adjacent service/admin wording: administration,1,,Leeds (1)
Pension Administrator,REVIEW_CONTEXT_DEPENDENT,INCLUDED_FOR_REVIEW_2026-06-17,Adjacent service/admin wording: administrator,1,,Farnham (1)
Pensions Administration Manager,REVIEW_CONTEXT_DEPENDENT,INCLUDED_FOR_REVIEW_2026-06-17,Adjacent service/admin wording: administration,1,,Not Specified (1)
Pensions Administrator,REVIEW_CONTEXT_DEPENDENT,INCLUDED_FOR_REVIEW_2026-06-17,Adjacent service/admin wording: administrator,8,,Sheffield (1); Liverpool (1); Croydon (1); Winchester (1); Bristol (1)
Pensions Administrator - York,REVIEW_CONTEXT_DEPENDENT,INCLUDED_FOR_REVIEW_2026-06-17,Adjacent service/admin wording: administrator,1,,York (1)
Pensions BPA Administrator,REVIEW_CONTEXT_DEPENDENT,INCLUDED_FOR_REVIEW_2026-06-17,Adjacent service/admin wording: administrator,1,,Manchester (1)
Procurement Administrator,REVIEW_CONTEXT_DEPENDENT,INCLUDED_FOR_REVIEW_2026-06-17,Adjacent service/admin wording: administrator,1,,Loughborough (1)
Protection Administrator,REVIEW_CONTEXT_DEPENDENT,INCLUDED_FOR_REVIEW_2026-06-17,Adjacent service/admin wording: administrator,2,,Not Specified (2)
Protection Administrator / Sales Support,REVIEW_CONTEXT_DEPENDENT,INCLUDED_FOR_REVIEW_2026-06-17,Adjacent service/admin wording: administrator,1,,Camberley (1)
Purchasing & Shipping Administrator,REVIEW_CONTEXT_DEPENDENT,INCLUDED_FOR_REVIEW_2026-06-17,Adjacent service/admin wording: administrator,1,,Not Specified (1)
Purchasing Co-Ordinator,REVIEW_CONTEXT_DEPENDENT,INCLUDED_FOR_REVIEW_2026-06-17,Adjacent service/admin wording: co-ordinator,1,,Magherafelt (1)
Receptionist,REVIEW_CONTEXT_DEPENDENT,INCLUDED_FOR_REVIEW_2026-06-17,Adjacent service/admin wording: receptionist,2,,Dingwall (1); Not Specified (1)
Receptionist and Admin Assistant,REVIEW_CONTEXT_DEPENDENT,INCLUDED_FOR_REVIEW_2026-06-17,Adjacent service/admin wording: receptionist,1,,Not Specified (1)
Recruitment Administrator (Armagh),REVIEW_CONTEXT_DEPENDENT,INCLUDED_FOR_REVIEW_2026-06-17,Adjacent service/admin wording: administrator,1,,Armagh (1)
Referral & Assessment Coordinator,REVIEW_CONTEXT_DEPENDENT,INCLUDED_FOR_REVIEW_2026-06-17,Adjacent service/admin wording: coordinator,1,,Sheffield (1)
Remote SJP Wealth Planning Administrator,REVIEW_CONTEXT_DEPENDENT,INCLUDED_FOR_REVIEW_2026-06-17,Adjacent service/admin wording: administrator,1,,Guildford (1)
Repairs Administrator,REVIEW_CONTEXT_DEPENDENT,INCLUDED_FOR_REVIEW_2026-06-17,Adjacent service/admin wording: administrator,1,,Mansfield (1)
Sales Administrator,REVIEW_CONTEXT_DEPENDENT,INCLUDED_FOR_REVIEW_2026-06-17,Adjacent service/admin wording: administrator,2,,Not Specified (1); Omagh (1)
Sales and Administration Co-ordinator,REVIEW_CONTEXT_DEPENDENT,INCLUDED_FOR_REVIEW_2026-06-17,"Adjacent service/admin wording: administration, co-ordinator",1,,Cambridge (1)
Sales Invoicing Administrator,REVIEW_CONTEXT_DEPENDENT,INCLUDED_FOR_REVIEW_2026-06-17,Adjacent service/admin wording: administrator,1,,Stoke-on-trent (1)
Sales Order Administrator,REVIEW_CONTEXT_DEPENDENT,INCLUDED_FOR_REVIEW_2026-06-17,Adjacent service/admin wording: administrator,1,,Stowmarket (1)
Scheduling Administrator,REVIEW_CONTEXT_DEPENDENT,INCLUDED_FOR_REVIEW_2026-06-17,Adjacent service/admin wording: administrator,1,,High Wycombe (1)
School Administrator,REVIEW_CONTEXT_DEPENDENT,INCLUDED_FOR_REVIEW_2026-06-17,Adjacent service/admin wording: administrator,2,,Not Specified (2)
School Administrator - Merthyr Primary School,REVIEW_CONTEXT_DEPENDENT,INCLUDED_FOR_REVIEW_2026-06-17,Adjacent service/admin wording: administrator,1,,Merthyr Tydfil (1)
School Receptionist,REVIEW_CONTEXT_DEPENDENT,INCLUDED_FOR_REVIEW_2026-06-17,Adjacent service/admin wording: receptionist,1,,Not Specified (1)
School receptionist- Walsall,REVIEW_CONTEXT_DEPENDENT,INCLUDED_FOR_REVIEW_2026-06-17,Adjacent service/admin wording: receptionist,1,,Not Specified (1)
SEN Administrator,REVIEW_CONTEXT_DEPENDENT,INCLUDED_FOR_REVIEW_2026-06-17,Adjacent service/admin wording: administrator,1,,Not Specified (1)
Senior Administrator,REVIEW_CONTEXT_DEPENDENT,INCLUDED_FOR_REVIEW_2026-06-17,Adjacent service/admin wording: administrator,1,,Not Specified (1)
Senior DC Pensions Administrator,REVIEW_CONTEXT_DEPENDENT,INCLUDED_FOR_REVIEW_2026-06-17,Adjacent service/admin wording: administrator,1,,Redhill (1)
Senior Finance Administrator,REVIEW_CONTEXT_DEPENDENT,INCLUDED_FOR_REVIEW_2026-06-17,Adjacent service/admin wording: administrator,1,,Not Specified (1)
Senior Financial Services Administrator,REVIEW_CONTEXT_DEPENDENT,INCLUDED_FOR_REVIEW_2026-06-17,Adjacent service/admin wording: administrator,1,,Leicester (1)
Senior Group Risk & Healthcare Administrator,REVIEW_CONTEXT_DEPENDENT,INCLUDED_FOR_REVIEW_2026-06-17,Adjacent service/admin wording: administrator,1,,Weybridge (1)
Senior IFA Administrator,REVIEW_CONTEXT_DEPENDENT,INCLUDED_FOR_REVIEW_2026-06-17,Adjacent service/admin wording: administrator,4,,Maidstone (1); Leicester (1); York (1); Not Specified (1)
"Senior IFA Administrator / Team Leader - London/ Hybrid - £45,000 + Excellent Bonus & Benefits",REVIEW_CONTEXT_DEPENDENT,INCLUDED_FOR_REVIEW_2026-06-17,Adjacent service/admin wording: administrator,1,,Not Specified (1)
Senior IFA Administrator/Trainee Paraplanner,REVIEW_CONTEXT_DEPENDENT,INCLUDED_FOR_REVIEW_2026-06-17,Adjacent service/admin wording: administrator,1,,Not Specified (1)
Senior Insolvency Administrator,REVIEW_CONTEXT_DEPENDENT,INCLUDED_FOR_REVIEW_2026-06-17,Adjacent service/admin wording: administrator,5,,Not Specified (2); Fareham (1); Manchester (1); Sale (1)
Senior Pensions Administrator,REVIEW_CONTEXT_DEPENDENT,INCLUDED_FOR_REVIEW_2026-06-17,Adjacent service/admin wording: administrator,10,,Sheffield (1); Not Specified (1); Bristol (1); Basingstoke (1); Croydon (1)
Senior Pensions Administrator (Defined Benefit),REVIEW_CONTEXT_DEPENDENT,INCLUDED_FOR_REVIEW_2026-06-17,Adjacent service/admin wording: administrator,1,,Manchester (1)
Senior Pensions Project Administrator,REVIEW_CONTEXT_DEPENDENT,INCLUDED_FOR_REVIEW_2026-06-17,Adjacent service/admin wording: administrator,1,,Croydon (1)
Senior Pensions Projects Administrator,REVIEW_CONTEXT_DEPENDENT,INCLUDED_FOR_REVIEW_2026-06-17,Adjacent service/admin wording: administrator,1,,Redhill (1)
Senior Trust and Corporate Administrator,REVIEW_CONTEXT_DEPENDENT,INCLUDED_FOR_REVIEW_2026-06-17,Adjacent service/admin wording: administrator,1,,Not Specified (1)
Senior Wealth Planning Administrator,REVIEW_CONTEXT_DEPENDENT,INCLUDED_FOR_REVIEW_2026-06-17,Adjacent service/admin wording: administrator,1,,Not Specified (1)
Service Administrator,ELASTIC_FIT,REGISTER_EXPANSION_2026-08-12,credible customer-service/support crossover; reviewed from 12 Aug expanded feed,7,,Bristol (1)
SIPP Property Administrator,REVIEW_CONTEXT_DEPENDENT,INCLUDED_FOR_REVIEW_2026-06-17,Adjacent service/admin wording: administrator,3,,Glasgow (1); Perth (1); Edinburgh (1)
SSC Professional Qualifications Administrator,REVIEW_CONTEXT_DEPENDENT,INCLUDED_FOR_REVIEW_2026-06-17,Adjacent service/admin wording: administrator,1,,City (1)
Supply Chain Administrator,REVIEW_CONTEXT_DEPENDENT,INCLUDED_FOR_REVIEW_2026-06-17,Adjacent service/admin wording: administrator,2,,Camberley (1); Runcorn (1)
Support Services Administrator,REVIEW_CONTEXT_DEPENDENT,INCLUDED_FOR_REVIEW_2026-06-17,Adjacent service/admin wording: administrator,1,,Totnes (1)
Support/Housing Management Coordinator,REVIEW_CONTEXT_DEPENDENT,INCLUDED_FOR_REVIEW_2026-06-17,Adjacent service/admin wording: coordinator,1,,Durham (1)
Technical Administrator,REVIEW_CONTEXT_DEPENDENT,INCLUDED_FOR_REVIEW_2026-06-17,Adjacent service/admin wording: administrator,1,,Uttoxeter (1)
Technical Administrator (experienced with SAP),REVIEW_CONTEXT_DEPENDENT,INCLUDED_FOR_REVIEW_2026-06-17,Adjacent service/admin wording: administrator,1,,Not Specified (1)
Technical Fleet Administrator,REVIEW_CONTEXT_DEPENDENT,INCLUDED_FOR_REVIEW_2026-06-17,Adjacent service/admin wording: administrator,1,,Leicester (1)
Technical IFA Administrator / Junior Paraplanner,REVIEW_CONTEXT_DEPENDENT,INCLUDED_FOR_REVIEW_2026-06-17,Adjacent service/admin wording: administrator,1,,Not Specified (1)
Technical License Administrator / Tech Licence Support,REVIEW_CONTEXT_DEPENDENT,INCLUDED_FOR_REVIEW_2026-06-17,Adjacent service/admin wording: administrator,1,,Huntingdon (1)
Trainee Administrator,REVIEW_CONTEXT_DEPENDENT,INCLUDED_FOR_REVIEW_2026-06-17,Adjacent service/admin wording: administrator,1,,Winchester (1)
Trainee Sales Administrator - Technical Sales Progression,REVIEW_CONTEXT_DEPENDENT,INCLUDED_FOR_REVIEW_2026-06-17,Adjacent service/admin wording: administrator,1,,Stoke-on-trent (1)
Transport Administrator,REVIEW_CONTEXT_DEPENDENT,INCLUDED_FOR_REVIEW_2026-06-17,Adjacent service/admin wording: administrator,3,,Crewe (1); Wellingborough (1); Northallerton (1)
Transport Administrator (Customs),REVIEW_CONTEXT_DEPENDENT,INCLUDED_FOR_REVIEW_2026-06-17,Adjacent service/admin wording: administrator,1,,Rugby (1)
Vehicle Health Check Sales Advisor - Kia,REVIEW_CONTEXT_DEPENDENT,INCLUDED_FOR_REVIEW_2026-06-17,Adjacent service/admin wording: sales advisor,1,,Lincoln (1)
Warehouse Administrator,REVIEW_CONTEXT_DEPENDENT,INCLUDED_FOR_REVIEW_2026-06-17,Adjacent service/admin wording: administrator,1,,Crewe (1)
Wealth Administrator,REVIEW_CONTEXT_DEPENDENT,INCLUDED_FOR_REVIEW_2026-06-17,Adjacent service/admin wording: administrator,1,,Exeter (1)
Wealth Management Administrator,REVIEW_CONTEXT_DEPENDENT,INCLUDED_FOR_REVIEW_2026-06-17,Adjacent service/admin wording: administrator,1,,Brighton (1)
Wealth Planning Administrator,REVIEW_CONTEXT_DEPENDENT,INCLUDED_FOR_REVIEW_2026-06-17,Adjacent service/admin wording: administrator,4,,Fareham (1); Bristol (1); Ashbourne (1); Not Specified (1)
Wealth Planning Administrator (SJP Practice),REVIEW_CONTEXT_DEPENDENT,INCLUDED_FOR_REVIEW_2026-06-17,Adjacent service/admin wording: administrator,1,,Rochester (1)
Wealth Planning Administrator - 12% bonus and 2 days from home,REVIEW_CONTEXT_DEPENDENT,INCLUDED_FOR_REVIEW_2026-06-17,Adjacent service/admin wording: administrator,1,,Not Specified (1)
Weighbridge Administrator,REVIEW_CONTEXT_DEPENDENT,INCLUDED_FOR_REVIEW_2026-06-17,Adjacent service/admin wording: administrator,1,,City (1)
Customer Service Advisor,HIGH_CONFIDENCE,REGISTER_EXPANSION_2026-08-11,Core frontline customer-service title in expanded JobG8 feed,38,,
Customer Service Representative,HIGH_CONFIDENCE,REGISTER_EXPANSION_2026-08-11,Core frontline customer-service title in expanded JobG8 feed,30,,
Call Centre Operator,HIGH_CONFIDENCE,REGISTER_EXPANSION_2026-08-11,Core call-centre customer-service title in expanded JobG8 feed,28,,
Call Centre Agent,HIGH_CONFIDENCE,REGISTER_EXPANSION_2026-08-11,Core call-centre customer-service title in expanded JobG8 feed,28,,
Contact Centre Agent,HIGH_CONFIDENCE,REGISTER_EXPANSION_2026-08-11,Core contact-centre customer-service title in expanded JobG8 feed,14,,
Customer Support Advisor,HIGH_CONFIDENCE,REGISTER_EXPANSION_2026-08-11,Clear frontline customer-support title,3,,
Customer Service Coordinator,HIGH_CONFIDENCE,REGISTER_EXPANSION_2026-08-11,Clear customer-service coordination title,4,,
Customer Advisor,HIGH_CONFIDENCE,REGISTER_EXPANSION_2026-08-11,Reviewed as genuine frontline phone/email customer-service work,2,,
Customer Service,HIGH_CONFIDENCE,REGISTER_EXPANSION_2026-08-11,Generic but clear customer-service title in JobG8 customer-service classification,2,,
Customer Service Executive,ELASTIC_FIT,REGISTER_EXPANSION_2026-08-11,Reviewed as enquiries/order/customer-support work; title can vary by employer,2,,
Customer Experience Coordinator,ELASTIC_FIT,REGISTER_EXPANSION_2026-08-11,Reviewed as genuine customer-journey/booking support work,1,,
Customer Service Representative Lloyds Banking Group Disputes,HIGH_CONFIDENCE,REGISTER_EXPANSION_2026-08-12,"clear frontline customer-service, contact-centre, complaints or customer-support title",16,,
Customer Operations Executive - EV Car Chargers,HIGH_CONFIDENCE,REGISTER_EXPANSION_2026-08-12,"clear frontline customer-service, contact-centre, complaints or customer-support title",3,,
Complaints Handler,HIGH_CONFIDENCE,REGISTER_EXPANSION_2026-08-12,"clear frontline customer-service, contact-centre, complaints or customer-support title",3,,
Temporary Customer Service Administrator,HIGH_CONFIDENCE,REGISTER_EXPANSION_2026-08-12,"clear frontline customer-service, contact-centre, complaints or customer-support title",2,,
Customer Account Administrator,HIGH_CONFIDENCE,REGISTER_EXPANSION_2026-08-12,"clear frontline customer-service, contact-centre, complaints or customer-support title",2,,
Customer Service Operator,HIGH_CONFIDENCE,REGISTER_EXPANSION_2026-08-12,"clear frontline customer-service, contact-centre, complaints or customer-support title",2,,
Customer Service Agent,HIGH_CONFIDENCE,REGISTER_EXPANSION_2026-08-12,"clear frontline customer-service, contact-centre, complaints or customer-support title",2,,
Customer Services Administrator,HIGH_CONFIDENCE,REGISTER_EXPANSION_2026-08-12,"clear frontline customer-service, contact-centre, complaints or customer-support title",2,,
Customer Service Representative (Maternity Cover),HIGH_CONFIDENCE,REGISTER_EXPANSION_2026-08-12,"clear frontline customer-service, contact-centre, complaints or customer-support title",2,,
Customer Service Administrator (Maternity Cover),HIGH_CONFIDENCE,REGISTER_EXPANSION_2026-08-12,"clear frontline customer-service, contact-centre, complaints or customer-support title",1,,
Customer Service Administrator (Warranty Department),HIGH_CONFIDENCE,REGISTER_EXPANSION_2026-08-12,"clear frontline customer-service, contact-centre, complaints or customer-support title",1,,
Administrator and Customer Support Specialist,HIGH_CONFIDENCE,REGISTER_EXPANSION_2026-08-12,"clear frontline customer-service, contact-centre, complaints or customer-support title",1,,
Helpdesk Coordinator,HIGH_CONFIDENCE,REGISTER_EXPANSION_2026-08-12,"clear frontline customer-service, contact-centre, complaints or customer-support title",1,,
Customer Service Agent / Helpdesk Agent,HIGH_CONFIDENCE,REGISTER_EXPANSION_2026-08-12,"clear frontline customer-service, contact-centre, complaints or customer-support title",1,,
Customer Service Administrator Immediate start!,HIGH_CONFIDENCE,REGISTER_EXPANSION_2026-08-12,"clear frontline customer-service, contact-centre, complaints or customer-support title",1,,
Customer Support Officer,HIGH_CONFIDENCE,REGISTER_EXPANSION_2026-08-12,"clear frontline customer-service, contact-centre, complaints or customer-support title",1,,
French Customer Services,HIGH_CONFIDENCE,REGISTER_EXPANSION_2026-08-12,"clear frontline customer-service, contact-centre, complaints or customer-support title",1,,
Italian Speaking - Admin / Customer Services,HIGH_CONFIDENCE,REGISTER_EXPANSION_2026-08-12,"clear frontline customer-service, contact-centre, complaints or customer-support title",1,,
Customer Service Resolution Officer,HIGH_CONFIDENCE,REGISTER_EXPANSION_2026-08-12,"clear frontline customer-service, contact-centre, complaints or customer-support title",1,,
French speaking Customer Services Executive,HIGH_CONFIDENCE,REGISTER_EXPANSION_2026-08-12,"clear frontline customer-service, contact-centre, complaints or customer-support title",1,,
Call Centre -Customer Advisor immd start,HIGH_CONFIDENCE,REGISTER_EXPANSION_2026-08-12,"clear frontline customer-service, contact-centre, complaints or customer-support title",1,,
Customer Service - Logistics & Transport,HIGH_CONFIDENCE,REGISTER_EXPANSION_2026-08-12,"clear frontline customer-service, contact-centre, complaints or customer-support title",1,,
Customer Services Advisor - Childrens Services,HIGH_CONFIDENCE,REGISTER_EXPANSION_2026-08-12,"clear frontline customer-service, contact-centre, complaints or customer-support title",1,,
Customer Service Operations Coordinator,HIGH_CONFIDENCE,REGISTER_EXPANSION_2026-08-12,"clear frontline customer-service, contact-centre, complaints or customer-support title",1,,
Facilities Helpdesk Administrator,HIGH_CONFIDENCE,REGISTER_EXPANSION_2026-08-12,"clear frontline customer-service, contact-centre, complaints or customer-support title",1,,
Helpdesk Admin,HIGH_CONFIDENCE,REGISTER_EXPANSION_2026-08-12,"clear frontline customer-service, contact-centre, complaints or customer-support title",1,,
Service Desk Customer Liaison,HIGH_CONFIDENCE,REGISTER_EXPANSION_2026-08-12,"clear frontline customer-service, contact-centre, complaints or customer-support title",1,,
Customer Service/Admin,HIGH_CONFIDENCE,REGISTER_EXPANSION_2026-08-12,"clear frontline customer-service, contact-centre, complaints or customer-support title",1,,
Administrator - Customer Service,HIGH_CONFIDENCE,REGISTER_EXPANSION_2026-08-12,"clear frontline customer-service, contact-centre, complaints or customer-support title",1,,
Customer Service Advisor - Part Time,HIGH_CONFIDENCE,REGISTER_EXPANSION_2026-08-12,"clear frontline customer-service, contact-centre, complaints or customer-support title",1,,
Customer Service and Administration Assistant,HIGH_CONFIDENCE,REGISTER_EXPANSION_2026-08-12,"clear frontline customer-service, contact-centre, complaints or customer-support title",1,,
Customer Services Advisor,HIGH_CONFIDENCE,REGISTER_EXPANSION_2026-08-12,"clear frontline customer-service, contact-centre, complaints or customer-support title",1,,
FCA Customer Service Coordinator,HIGH_CONFIDENCE,REGISTER_EXPANSION_2026-08-12,"clear frontline customer-service, contact-centre, complaints or customer-support title",1,,
Customer Service Advisor - Dearne,HIGH_CONFIDENCE,REGISTER_EXPANSION_2026-08-12,"clear frontline customer-service, contact-centre, complaints or customer-support title",1,,
Client Services Representative,HIGH_CONFIDENCE,REGISTER_EXPANSION_2026-08-12,"clear frontline customer-service, contact-centre, complaints or customer-support title",1,,
New Client Enquiry Coordinator,HIGH_CONFIDENCE,REGISTER_EXPANSION_2026-08-12,"clear frontline customer-service, contact-centre, complaints or customer-support title",1,,
Temporary Customer Service Administrator - 7 DAY ROTA BASIS,HIGH_CONFIDENCE,REGISTER_EXPANSION_2026-08-12,"clear frontline customer-service, contact-centre, complaints or customer-support title",1,,
Customer Service Specialist,HIGH_CONFIDENCE,REGISTER_EXPANSION_2026-08-12,"clear frontline customer-service, contact-centre, complaints or customer-support title",1,,
"Customer Services Administrator - Tadworth - £30,000+",HIGH_CONFIDENCE,REGISTER_EXPANSION_2026-08-12,"clear frontline customer-service, contact-centre, complaints or customer-support title",1,,
Customer Experience Assistant,HIGH_CONFIDENCE,REGISTER_EXPANSION_2026-08-12,"clear frontline customer-service, contact-centre, complaints or customer-support title",1,,
Customer Service Advisors,HIGH_CONFIDENCE,REGISTER_EXPANSION_2026-08-12,"clear frontline customer-service, contact-centre, complaints or customer-support title",1,,
Client Service Advisor,HIGH_CONFIDENCE,REGISTER_EXPANSION_2026-08-12,"clear frontline customer-service, contact-centre, complaints or customer-support title",1,,
Customer Service Officer,HIGH_CONFIDENCE,REGISTER_EXPANSION_2026-08-12,"clear frontline customer-service, contact-centre, complaints or customer-support title",1,,
Customer Success Assistant,HIGH_CONFIDENCE,REGISTER_EXPANSION_2026-08-12,"clear frontline customer-service, contact-centre, complaints or customer-support title",1,,
Customer Care Advisor,HIGH_CONFIDENCE,REGISTER_EXPANSION_2026-08-12,"clear frontline customer-service, contact-centre, complaints or customer-support title",1,,
Customer Support Specialist,HIGH_CONFIDENCE,REGISTER_EXPANSION_2026-08-12,"clear frontline customer-service, contact-centre, complaints or customer-support title",1,,
Helpdesk Assistant,HIGH_CONFIDENCE,REGISTER_EXPANSION_2026-08-12,"clear frontline customer-service, contact-centre, complaints or customer-support title",1,,
Service Helpdesk Co-ordinator,HIGH_CONFIDENCE,REGISTER_EXPANSION_2026-08-12,"clear frontline customer-service, contact-centre, complaints or customer-support title",1,,
Customer Service & Support Executive,HIGH_CONFIDENCE,REGISTER_EXPANSION_2026-08-12,"clear frontline customer-service, contact-centre, complaints or customer-support title",1,,
Customer Contact Specialist,HIGH_CONFIDENCE,REGISTER_EXPANSION_2026-08-12,"clear frontline customer-service, contact-centre, complaints or customer-support title",1,,
Customer Services Co-ordinator,HIGH_CONFIDENCE,REGISTER_EXPANSION_2026-08-12,"clear frontline customer-service, contact-centre, complaints or customer-support title",1,,
Customer Service Administrator -Temporary,HIGH_CONFIDENCE,REGISTER_EXPANSION_2026-08-12,"clear frontline customer-service, contact-centre, complaints or customer-support title",1,,
Customer Service Order Processor,HIGH_CONFIDENCE,REGISTER_EXPANSION_2026-08-12,"clear frontline customer-service, contact-centre, complaints or customer-support title",1,,
Immediate Maintenance Helpdesk Administrator -£32K,HIGH_CONFIDENCE,REGISTER_EXPANSION_2026-08-12,"clear frontline customer-service, contact-centre, complaints or customer-support title",1,,
Customer Experience Advisor Italian Speaking,HIGH_CONFIDENCE,REGISTER_EXPANSION_2026-08-12,"clear frontline customer-service, contact-centre, complaints or customer-support title",1,,
Customer Service Administrator - Immediate Start,HIGH_CONFIDENCE,REGISTER_EXPANSION_2026-08-12,"clear frontline customer-service, contact-centre, complaints or customer-support title",1,,
Client Support Advisor,HIGH_CONFIDENCE,REGISTER_EXPANSION_2026-08-12,"clear frontline customer-service, contact-centre, complaints or customer-support title",1,,
Customer Service Support - MK101,HIGH_CONFIDENCE,REGISTER_EXPANSION_2026-08-12,"clear frontline customer-service, contact-centre, complaints or customer-support title",1,,
Outbound Customer Advisor,HIGH_CONFIDENCE,REGISTER_EXPANSION_2026-08-12,"clear frontline customer-service, contact-centre, complaints or customer-support title",1,,
Customer Relations Advisor,HIGH_CONFIDENCE,REGISTER_EXPANSION_2026-08-12,"clear frontline customer-service, contact-centre, complaints or customer-support title",1,,
Logistics & Customer Service Administrator,HIGH_CONFIDENCE,REGISTER_EXPANSION_2026-08-12,"clear frontline customer-service, contact-centre, complaints or customer-support title",1,,
German Speaking Customer Service Administrator,HIGH_CONFIDENCE,REGISTER_EXPANSION_2026-08-12,"clear frontline customer-service, contact-centre, complaints or customer-support title",1,,
Call Centre Advisor,HIGH_CONFIDENCE,REGISTER_EXPANSION_2026-08-12,"clear frontline customer-service, contact-centre, complaints or customer-support title",1,,
Customer Support (Property/Estate Agent),HIGH_CONFIDENCE,REGISTER_EXPANSION_2026-08-12,"clear frontline customer-service, contact-centre, complaints or customer-support title",1,,
Customer Support Advisor - London and Herts,HIGH_CONFIDENCE,REGISTER_EXPANSION_2026-08-12,"clear frontline customer-service, contact-centre, complaints or customer-support title",1,,
Air import customer service agent,HIGH_CONFIDENCE,REGISTER_EXPANSION_2026-08-12,"clear frontline customer-service, contact-centre, complaints or customer-support title",1,,
Customer Service Adviser,HIGH_CONFIDENCE,REGISTER_EXPANSION_2026-08-12,"clear frontline customer-service, contact-centre, complaints or customer-support title",1,,
Polish Speaking Customer Service,HIGH_CONFIDENCE,REGISTER_EXPANSION_2026-08-12,"clear frontline customer-service, contact-centre, complaints or customer-support title",1,,
Customer Service Apprentice,HIGH_CONFIDENCE,REGISTER_EXPANSION_2026-08-12,"clear frontline customer-service, contact-centre, complaints or customer-support title",1,,
Property Customer Service Advisor,HIGH_CONFIDENCE,REGISTER_EXPANSION_2026-08-12,"clear frontline customer-service, contact-centre, complaints or customer-support title",1,,
Customer Service Assistant,HIGH_CONFIDENCE,REGISTER_EXPANSION_2026-08-12,"clear frontline customer-service, contact-centre, complaints or customer-support title",1,,
French speaking Customer Service - Golf sector,HIGH_CONFIDENCE,REGISTER_EXPANSION_2026-08-12,"clear frontline customer-service, contact-centre, complaints or customer-support title",1,,
Customer Service Advisor - Outbound Calling,HIGH_CONFIDENCE,REGISTER_EXPANSION_2026-08-12,"clear frontline customer-service, contact-centre, complaints or customer-support title",1,,
Customer Service Administrator - Property Management,HIGH_CONFIDENCE,REGISTER_EXPANSION_2026-08-12,"clear frontline customer-service, contact-centre, complaints or customer-support title",1,,
German/Hebrew Customer Service,HIGH_CONFIDENCE,REGISTER_EXPANSION_2026-08-12,"clear frontline customer-service, contact-centre, complaints or customer-support title",1,,
Customer Service & Complaints Administrator - Team Valley,HIGH_CONFIDENCE,REGISTER_EXPANSION_2026-08-12,"clear frontline customer-service, contact-centre, complaints or customer-support title",1,,
Customer Relations Agent / Complaints Administrator,HIGH_CONFIDENCE,REGISTER_EXPANSION_2026-08-12,"clear frontline customer-service, contact-centre, complaints or customer-support title",1,,
Customer Service Officer - 6-Month Fixed Term Contract,HIGH_CONFIDENCE,REGISTER_EXPANSION_2026-08-12,"clear frontline customer-service, contact-centre, complaints or customer-support title",1,,
Customer Services & Administration,HIGH_CONFIDENCE,REGISTER_EXPANSION_2026-08-12,"clear frontline customer-service, contact-centre, complaints or customer-support title",1,,
Customer Service Advisor x8,HIGH_CONFIDENCE,REGISTER_EXPANSION_2026-08-12,"clear frontline customer-service, contact-centre, complaints or customer-support title",1,,
Call Centre Receptionist,HIGH_CONFIDENCE,REGISTER_EXPANSION_2026-08-12,"clear frontline customer-service, contact-centre, complaints or customer-support title",1,,
Design Studio & Customer Service Administrator,HIGH_CONFIDENCE,REGISTER_EXPANSION_2026-08-12,"clear frontline customer-service, contact-centre, complaints or customer-support title",1,,
Pensions Customer Administrator - Call centre role,HIGH_CONFIDENCE,REGISTER_EXPANSION_2026-08-12,"clear frontline customer-service, contact-centre, complaints or customer-support title",1,,
Graduate Customer Service Coordinator,HIGH_CONFIDENCE,REGISTER_EXPANSION_2026-08-12,"clear frontline customer-service, contact-centre, complaints or customer-support title",1,,
Part Time Customer Service Administrator,HIGH_CONFIDENCE,REGISTER_EXPANSION_2026-08-12,"clear frontline customer-service, contact-centre, complaints or customer-support title",1,,
Customer Experience Advisor,HIGH_CONFIDENCE,REGISTER_EXPANSION_2026-08-12,"clear frontline customer-service, contact-centre, complaints or customer-support title",1,,
Customer Service Representative (Older People),HIGH_CONFIDENCE,REGISTER_EXPANSION_2026-08-12,"clear frontline customer-service, contact-centre, complaints or customer-support title",1,,
Customer Support Advisor - Older/Vulnerable People,HIGH_CONFIDENCE,REGISTER_EXPANSION_2026-08-12,"clear frontline customer-service, contact-centre, complaints or customer-support title",1,,
Customer Service & Operations Coordinator,HIGH_CONFIDENCE,REGISTER_EXPANSION_2026-08-12,"clear frontline customer-service, contact-centre, complaints or customer-support title",1,,
Healthcare Customer Service Advisor,HIGH_CONFIDENCE,REGISTER_EXPANSION_2026-08-12,"clear frontline customer-service, contact-centre, complaints or customer-support title",1,,
Administration and Customer Service Temps,ELASTIC_FIT,REGISTER_EXPANSION_2026-08-12,credible customer-service/support crossover; reviewed from 12 Aug expanded feed,2,,
Customer Account Advisor,ELASTIC_FIT,REGISTER_EXPANSION_2026-08-12,credible customer-service/support crossover; reviewed from 12 Aug expanded feed,2,,
Service Coordinator,ELASTIC_FIT,REGISTER_EXPANSION_2026-08-12,credible customer-service/support crossover; reviewed from 12 Aug expanded feed,6,,
Customer Service Advisor & Sales Support,ELASTIC_FIT,REGISTER_EXPANSION_2026-08-12,credible customer-service/support crossover; reviewed from 12 Aug expanded feed,1,,
Sales and Customer Service Administrator,ELASTIC_FIT,REGISTER_EXPANSION_2026-08-12,credible customer-service/support crossover; reviewed from 12 Aug expanded feed,1,,
Temporary Outbound Customer Advisor - Warm Enquiries,ELASTIC_FIT,REGISTER_EXPANSION_2026-08-12,credible customer-service/support crossover; reviewed from 12 Aug expanded feed,1,,
Cash & Carry/Customer Service/Administrator,ELASTIC_FIT,REGISTER_EXPANSION_2026-08-12,credible customer-service/support crossover; reviewed from 12 Aug expanded feed,1,,
Customer Support/Project Coordinator,ELASTIC_FIT,REGISTER_EXPANSION_2026-08-12,credible customer-service/support crossover; reviewed from 12 Aug expanded feed,1,,
