rule_id,match_field,match_type,match_value,sector,evidence_strength,on_conflict,status,active,priority,reason,evidence_reference,approval_status,approved_by,approved_date,approval_notes
ES001,employer_identity,exact,Belfast City Council,council,HIGH,council,REVIEW,FALSE,0,Exact current employer identity confirmed by high-strength repository rule evidence,current published app inventory; supporting draft rules ES169,PENDING,,,
ES002,employer_identity,exact,Yorkswood Primary School,education,HIGH,education,REVIEW,FALSE,0,Exact current employer identity confirmed by high-strength repository rule evidence,current published app inventory; supporting draft rules ES168,PENDING,,,
ES003,employer_identity,exact,Prince Albert Junior and Infant School,education,HIGH,education,REVIEW,FALSE,0,Exact current employer identity confirmed by high-strength repository rule evidence,current published app inventory; supporting draft rules ES168,PENDING,,,
ES004,employer_identity,exact,Highfield Junior and Infant School,education,HIGH,education,REVIEW,FALSE,0,Exact current employer identity confirmed by high-strength repository rule evidence,current published app inventory; supporting draft rules ES168,PENDING,,,
ES005,employer_identity,exact,North London NHS Foundation Trust,nhs,HIGH,nhs,REVIEW,FALSE,0,Exact current employer identity confirmed by high-strength repository rule evidence,current published app inventory; supporting draft rules ES173,PENDING,,,
ES006,employer_identity,exact,Dixons McMillan Academy,education,HIGH,education,REVIEW,FALSE,0,Exact current employer identity confirmed by high-strength repository rule evidence,current published app inventory; supporting draft rules ES168,PENDING,,,
ES007,employer_identity,exact,Appleton Academy,education,HIGH,education,REVIEW,FALSE,0,Exact current employer identity confirmed by high-strength repository rule evidence,current published app inventory; supporting draft rules ES168,PENDING,,,
ES008,employer_identity,exact,Sussex Community NHS Foundation Trust,nhs,HIGH,nhs,REVIEW,FALSE,0,Exact current employer identity confirmed by high-strength repository rule evidence,current published app inventory; supporting draft rules ES173,PENDING,,,
ES009,employer_identity,exact,Sussex Partnership NHS Foundation Trust,nhs,HIGH,nhs,REVIEW,FALSE,0,Exact current employer identity confirmed by high-strength repository rule evidence,current published app inventory; supporting draft rules ES173,PENDING,,,
ES010,employer_identity,exact,Parson Street Primary School,education,HIGH,education,REVIEW,FALSE,0,Exact current employer identity confirmed by high-strength repository rule evidence,current published app inventory; supporting draft rules ES168,PENDING,,,
ES011,employer_identity,exact,Oxleas NHS Foundation Trust,nhs,HIGH,nhs,REVIEW,FALSE,0,Exact current employer identity confirmed by high-strength repository rule evidence,current published app inventory; supporting draft rules ES173,PENDING,,,
ES012,employer_identity,exact,Royal Devon University Healthcare NHS Foundation Trust,nhs,HIGH,nhs,REVIEW,FALSE,0,Exact current employer identity confirmed by high-strength repository rule evidence,current published app inventory; supporting draft rules ES173,PENDING,,,
ES013,employer_identity,exact,Bristol NHS Foundation Trust,nhs,HIGH,nhs,REVIEW,FALSE,0,Exact current employer identity confirmed by high-strength repository rule evidence,current published app inventory; supporting draft rules ES173,PENDING,,,
ES014,employer_identity,exact,Swaffham Prior Church of England Primary School,education,HIGH,education,REVIEW,FALSE,0,Exact current employer identity confirmed by high-strength repository rule evidence,current published app inventory; supporting draft rules ES168,PENDING,,,
ES015,employer_identity,exact,Swavesey Village College,education,HIGH,education,REVIEW,FALSE,0,Exact current employer identity confirmed by high-strength repository rule evidence,current published app inventory; supporting draft rules ES168,PENDING,,,
ES016,employer_identity,exact,Cambridgeshire and Peterborough NHS Foundation Trust,nhs,HIGH,nhs,REVIEW,FALSE,0,Exact current employer identity confirmed by high-strength repository rule evidence,current published app inventory; supporting draft rules ES173,PENDING,,,
ES017,employer_identity,exact,East London NHS Foundation Trust,nhs,HIGH,nhs,REVIEW,FALSE,0,Exact current employer identity confirmed by high-strength repository rule evidence,current published app inventory; supporting draft rules ES173,PENDING,,,
ES018,employer_identity,exact,East of England Community Health and Care NHS Trust (Cambridge),nhs,HIGH,nhs,REVIEW,FALSE,0,Exact current employer identity confirmed by high-strength repository rule evidence,current published app inventory; supporting draft rules ES173,PENDING,,,
ES019,employer_identity,exact,Maiden Erlegh School,education,HIGH,education,REVIEW,FALSE,0,Exact current employer identity confirmed by high-strength repository rule evidence,current published app inventory; supporting draft rules ES168,PENDING,,,
ES020,employer_identity,exact,The WREN School,education,HIGH,education,REVIEW,FALSE,0,Exact current employer identity confirmed by high-strength repository rule evidence,current published app inventory; supporting draft rules ES168,PENDING,,,
ES021,employer_identity,exact,The Westgate School,education,HIGH,education,REVIEW,FALSE,0,Exact current employer identity confirmed by high-strength repository rule evidence,current published app inventory; supporting draft rules ES168,PENDING,,,
ES022,employer_identity,exact,James Elliman Academy,education,HIGH,education,REVIEW,FALSE,0,Exact current employer identity confirmed by high-strength repository rule evidence,current published app inventory; supporting draft rules ES168,PENDING,,,
ES023,employer_identity,exact,St Christopher's Catholic Primary Academy,education,HIGH,education,REVIEW,FALSE,0,Exact current employer identity confirmed by high-strength repository rule evidence,current published app inventory; supporting draft rules ES168,PENDING,,,
ES024,employer_identity,exact,The Royal Wolverhampton NHS Trust,nhs,HIGH,nhs,REVIEW,FALSE,0,Exact current employer identity confirmed by high-strength repository rule evidence,current published app inventory; supporting draft rules ES173,PENDING,,,
ES025,employer_identity,exact,Sir William Ramsay School,education,HIGH,education,REVIEW,FALSE,0,Exact current employer identity confirmed by high-strength repository rule evidence,current published app inventory; supporting draft rules ES168,PENDING,,,
ES026,employer_identity,exact,Holmer Green Senior School,education,HIGH,education,REVIEW,FALSE,0,Exact current employer identity confirmed by high-strength repository rule evidence,current published app inventory; supporting draft rules ES168,PENDING,,,
ES027,employer_identity,exact,William Harding School,education,HIGH,education,REVIEW,FALSE,0,Exact current employer identity confirmed by high-strength repository rule evidence,current published app inventory; supporting draft rules ES168,PENDING,,,
ES028,employer_identity,exact,Chiltern Way Academy Trust,education,HIGH,education,REVIEW,FALSE,0,Exact current employer identity confirmed by high-strength repository rule evidence,current published app inventory; supporting draft rules ES168,PENDING,,,
ES029,employer_identity,exact,St Peter's School,education,HIGH,education,REVIEW,FALSE,0,Exact current employer identity confirmed by high-strength repository rule evidence,current published app inventory; supporting draft rules ES168,PENDING,,,
ES030,employer_identity,exact,Arthur Mellows Village College,education,HIGH,education,REVIEW,FALSE,0,Exact current employer identity confirmed by high-strength repository rule evidence,current published app inventory; supporting draft rules ES168,PENDING,,,
ES031,employer_identity,exact,Queen Katharine Academy,education,HIGH,education,REVIEW,FALSE,0,Exact current employer identity confirmed by high-strength repository rule evidence,current published app inventory; supporting draft rules ES168,PENDING,,,
ES032,employer_identity,exact,Priory Junior School,education,HIGH,education,REVIEW,FALSE,0,Exact current employer identity confirmed by high-strength repository rule evidence,current published app inventory; supporting draft rules ES168,PENDING,,,
ES033,employer_identity,exact,Cheshire and Wirral Partnership NHS Foundation Trust,nhs,HIGH,nhs,REVIEW,FALSE,0,Exact current employer identity confirmed by high-strength repository rule evidence,current published app inventory; supporting draft rules ES173,PENDING,,,
ES034,employer_identity,exact,The Whitby High School,education,HIGH,education,REVIEW,FALSE,0,Exact current employer identity confirmed by high-strength repository rule evidence,current published app inventory; supporting draft rules ES168,PENDING,,,
ES035,employer_identity,exact,Falmouth School,education,HIGH,education,REVIEW,FALSE,0,Exact current employer identity confirmed by high-strength repository rule evidence,current published app inventory; supporting draft rules ES168,PENDING,,,
ES036,employer_identity,exact,The Bolsover School,education,HIGH,education,REVIEW,FALSE,0,Exact current employer identity confirmed by high-strength repository rule evidence,current published app inventory; supporting draft rules ES168,PENDING,,,
ES037,employer_identity,exact,The King's School,education,HIGH,education,REVIEW,FALSE,0,Exact current employer identity confirmed by high-strength repository rule evidence,current published app inventory; supporting draft rules ES168,PENDING,,,
ES038,employer_identity,exact,Okehampton College,education,HIGH,education,REVIEW,FALSE,0,Exact current employer identity confirmed by high-strength repository rule evidence,current published app inventory; supporting draft rules ES168,PENDING,,,
ES039,employer_identity,exact,Devon Partnership NHS Trust,nhs,HIGH,nhs,REVIEW,FALSE,0,Exact current employer identity confirmed by high-strength repository rule evidence,current published app inventory; supporting draft rules ES173,PENDING,,,
ES040,employer_identity,exact,The Bishop of Winchester Academy,education,HIGH,education,REVIEW,FALSE,0,Exact current employer identity confirmed by high-strength repository rule evidence,current published app inventory; supporting draft rules ES168,PENDING,,,
ES041,employer_identity,exact,Dorset HealthCare University NHS Foundation Trust,nhs,HIGH,nhs,REVIEW,FALSE,0,Exact current employer identity confirmed by high-strength repository rule evidence,current published app inventory; supporting draft rules ES173,PENDING,,,
ES042,employer_identity,exact,Kingswood Parks Primary School,education,HIGH,education,REVIEW,FALSE,0,Exact current employer identity confirmed by high-strength repository rule evidence,current published app inventory; supporting draft rules ES168,PENDING,,,
ES043,employer_identity,exact,Humber Teaching NHS Foundation Trust,nhs,HIGH,nhs,REVIEW,FALSE,0,Exact current employer identity confirmed by high-strength repository rule evidence,current published app inventory; supporting draft rules ES173,PENDING,,,
ES044,employer_identity,exact,Tees Esk and Wear Valleys NHS Foundation Trust,nhs,HIGH,nhs,REVIEW,FALSE,0,Exact current employer identity confirmed by high-strength repository rule evidence,current published app inventory; supporting draft rules ES173,PENDING,,,
ES045,employer_identity,exact,Discovery Educational Trust,education,HIGH,education,REVIEW,FALSE,0,Exact current employer identity confirmed by high-strength repository rule evidence,current published app inventory; supporting draft rules ES168,PENDING,,,
ES046,employer_identity,exact,Essex Partnership University NHS Foundation Trust,nhs,HIGH,nhs,REVIEW,FALSE,0,Exact current employer identity confirmed by high-strength repository rule evidence,current published app inventory; supporting draft rules ES173,PENDING,,,
ES047,employer_identity,exact,Brook Academy,education,HIGH,education,REVIEW,FALSE,0,Exact current employer identity confirmed by high-strength repository rule evidence,current published app inventory; supporting draft rules ES168,PENDING,,,
ES048,employer_identity,exact,Gloucestershire Health and Care NHS Foundation Trust,nhs,HIGH,nhs,REVIEW,FALSE,0,Exact current employer identity confirmed by high-strength repository rule evidence,current published app inventory; supporting draft rules ES173,PENDING,,,
ES049,employer_identity,exact,Gloucestershire Hospitals NHS Foundation Trust,nhs,HIGH,nhs,REVIEW,FALSE,0,Exact current employer identity confirmed by high-strength repository rule evidence,current published app inventory; supporting draft rules ES173,PENDING,,,
ES050,employer_identity,exact,Elmridge Primary School,education,HIGH,education,REVIEW,FALSE,0,Exact current employer identity confirmed by high-strength repository rule evidence,current published app inventory; supporting draft rules ES168,PENDING,,,
ES051,employer_identity,exact,Welwyn Hatfield Borough Council,council,HIGH,council,REVIEW,FALSE,0,Exact current employer identity confirmed by high-strength repository rule evidence,current published app inventory; supporting draft rules ES169,PENDING,,,
ES052,employer_identity,exact,Aspire Academies Trust,education,HIGH,education,REVIEW,FALSE,0,Exact current employer identity confirmed by high-strength repository rule evidence,current published app inventory; supporting draft rules ES168,PENDING,,,
ES053,employer_identity,exact,Nicholas Breakspear Catholic School,education,HIGH,education,REVIEW,FALSE,0,Exact current employer identity confirmed by high-strength repository rule evidence,current published app inventory; supporting draft rules ES168,PENDING,,,
ES054,employer_identity,exact,Warren Dell Primary School,education,HIGH,education,REVIEW,FALSE,0,Exact current employer identity confirmed by high-strength repository rule evidence,current published app inventory; supporting draft rules ES168,PENDING,,,
ES055,employer_identity,exact,Hertfordshire Partnership University NHS Foundation Trust,nhs,HIGH,nhs,REVIEW,FALSE,0,Exact current employer identity confirmed by high-strength repository rule evidence,current published app inventory; supporting draft rules ES173,PENDING,,,
ES056,employer_identity,exact,Krishna Avanti Primary School,education,HIGH,education,REVIEW,FALSE,0,Exact current employer identity confirmed by high-strength repository rule evidence,current published app inventory; supporting draft rules ES168,PENDING,,,
ES057,employer_identity,exact,Loughborough College,education,HIGH,education,REVIEW,FALSE,0,Exact current employer identity confirmed by high-strength repository rule evidence,current published app inventory; supporting draft rules ES168,PENDING,,,
ES058,employer_identity,exact,Leicestershire Partnership NHS Trust,nhs,HIGH,nhs,REVIEW,FALSE,0,Exact current employer identity confirmed by high-strength repository rule evidence,current published app inventory; supporting draft rules ES173,PENDING,,,
ES059,employer_identity,exact,University Hospitals of Leicester NHS Trust,nhs,HIGH,nhs,REVIEW,FALSE,0,Exact current employer identity confirmed by high-strength repository rule evidence,current published app inventory; supporting draft rules ES173,PENDING,,,
ES060,employer_identity,exact,Beacon Academy,education,HIGH,education,REVIEW,FALSE,0,Exact current employer identity confirmed by high-strength repository rule evidence,current published app inventory; supporting draft rules ES168,PENDING,,,
ES061,employer_identity,exact,St Thomas CofE Primary Academy,education,HIGH,education,REVIEW,FALSE,0,Exact current employer identity confirmed by high-strength repository rule evidence,current published app inventory; supporting draft rules ES168,PENDING,,,
ES062,employer_identity,exact,Tulip Academy,education,HIGH,education,REVIEW,FALSE,0,Exact current employer identity confirmed by high-strength repository rule evidence,current published app inventory; supporting draft rules ES168,PENDING,,,
ES063,employer_identity,exact,Oasis Academy Parkwood,education,HIGH,education,REVIEW,FALSE,0,Exact current employer identity confirmed by high-strength repository rule evidence,current published app inventory; supporting draft rules ES168,PENDING,,,
ES064,employer_identity,exact,Lincolnshire Community Health Service NHS Trust,nhs,HIGH,nhs,REVIEW,FALSE,0,Exact current employer identity confirmed by high-strength repository rule evidence,current published app inventory; supporting draft rules ES173,PENDING,,,
ES065,employer_identity,exact,Ellesmere Park High School,education,HIGH,education,REVIEW,FALSE,0,Exact current employer identity confirmed by high-strength repository rule evidence,current published app inventory; supporting draft rules ES168,PENDING,,,
ES066,employer_identity,exact,Manchester University NHS Foundation Trust,nhs,HIGH,nhs,REVIEW,FALSE,0,Exact current employer identity confirmed by high-strength repository rule evidence,current published app inventory; supporting draft rules ES173,PENDING,,,
ES067,employer_identity,exact,Greater Manchester Mental Health NHS Foundation Trust,nhs,HIGH,nhs,REVIEW,FALSE,0,Exact current employer identity confirmed by high-strength repository rule evidence,current published app inventory; supporting draft rules ES173,PENDING,,,
ES068,employer_identity,exact,King's Leadership Academy Wavertree,education,HIGH,education,REVIEW,FALSE,0,Exact current employer identity confirmed by high-strength repository rule evidence,current published app inventory; supporting draft rules ES168,PENDING,,,
ES069,employer_identity,exact,Liverpool University Hospitals NHS Foundation Trust,nhs,HIGH,nhs,REVIEW,FALSE,0,Exact current employer identity confirmed by high-strength repository rule evidence,current published app inventory; supporting draft rules ES173,PENDING,,,
ES070,employer_identity,exact,Mersey Care NHS Foundation Trust,nhs,HIGH,nhs,REVIEW,FALSE,0,Exact current employer identity confirmed by high-strength repository rule evidence,current published app inventory; supporting draft rules ES173,PENDING,,,
ES071,employer_identity,exact,Fleggburgh CofE Primary School,education,HIGH,education,REVIEW,FALSE,0,Exact current employer identity confirmed by high-strength repository rule evidence,current published app inventory; supporting draft rules ES168,PENDING,,,
ES072,employer_identity,exact,Jane Austen College,education,HIGH,education,REVIEW,FALSE,0,Exact current employer identity confirmed by high-strength repository rule evidence,current published app inventory; supporting draft rules ES168,PENDING,,,
ES073,employer_identity,exact,Queensway Junior Academy,education,HIGH,education,REVIEW,FALSE,0,Exact current employer identity confirmed by high-strength repository rule evidence,current published app inventory; supporting draft rules ES168,PENDING,,,
ES074,employer_identity,exact,Fakenham Junior School,education,HIGH,education,REVIEW,FALSE,0,Exact current employer identity confirmed by high-strength repository rule evidence,current published app inventory; supporting draft rules ES168,PENDING,,,
ES075,employer_identity,exact,Angel Road Infant School,education,HIGH,education,REVIEW,FALSE,0,Exact current employer identity confirmed by high-strength repository rule evidence,current published app inventory; supporting draft rules ES168,PENDING,,,
ES076,employer_identity,exact,Norfolk & Suffolk Foundation NHS Trust,nhs,HIGH,nhs,REVIEW,FALSE,0,Exact current employer identity confirmed by high-strength repository rule evidence,current published app inventory; supporting draft rules ES173,PENDING,,,
ES077,employer_identity,exact,Studfall Infant Academy,education,HIGH,education,REVIEW,FALSE,0,Exact current employer identity confirmed by high-strength repository rule evidence,current published app inventory; supporting draft rules ES168,PENDING,,,
ES078,employer_identity,exact,Barry Primary School,education,HIGH,education,REVIEW,FALSE,0,Exact current employer identity confirmed by high-strength repository rule evidence,current published app inventory; supporting draft rules ES168,PENDING,,,
ES079,employer_identity,exact,Horizons Academy,education,HIGH,education,REVIEW,FALSE,0,Exact current employer identity confirmed by high-strength repository rule evidence,current published app inventory; supporting draft rules ES168,PENDING,,,
ES080,employer_identity,exact,Barton Park Primary School,education,HIGH,education,REVIEW,FALSE,0,Exact current employer identity confirmed by high-strength repository rule evidence,current published app inventory; supporting draft rules ES168,PENDING,,,
ES081,employer_identity,exact,Lord Williams's School,education,HIGH,education,REVIEW,FALSE,0,Exact current employer identity confirmed by high-strength repository rule evidence,current published app inventory; supporting draft rules ES168,PENDING,,,
ES082,employer_identity,exact,Faringdon Community College,education,HIGH,education,REVIEW,FALSE,0,Exact current employer identity confirmed by high-strength repository rule evidence,current published app inventory; supporting draft rules ES168,PENDING,,,
ES083,employer_identity,exact,St Philip and James' Church of England Aided Primary School Oxford,education,HIGH,education,REVIEW,FALSE,0,Exact current employer identity confirmed by high-strength repository rule evidence,current published app inventory; supporting draft rules ES168,PENDING,,,
ES084,employer_identity,exact,Oxford Health NHS Trust,nhs,HIGH,nhs,REVIEW,FALSE,0,Exact current employer identity confirmed by high-strength repository rule evidence,current published app inventory; supporting draft rules ES173,PENDING,,,
ES085,employer_identity,exact,Oxford University Hospitals NHS Foundation Trust,nhs,HIGH,nhs,REVIEW,FALSE,0,Exact current employer identity confirmed by high-strength repository rule evidence,current published app inventory; supporting draft rules ES173,PENDING,,,
ES086,employer_identity,exact,Midlands Partnership NHS Foundation Trust,nhs,HIGH,nhs,REVIEW,FALSE,0,Exact current employer identity confirmed by high-strength repository rule evidence,current published app inventory; supporting draft rules ES173,PENDING,,,
ES087,employer_identity,exact,Willow Vale School,education,HIGH,education,REVIEW,FALSE,0,Exact current employer identity confirmed by high-strength repository rule evidence,current published app inventory; supporting draft rules ES168,PENDING,,,
ES088,employer_identity,exact,Pathway Trust,education,HIGH,education,REVIEW,FALSE,0,Exact current employer identity confirmed by high-strength repository rule evidence,current published app inventory; supporting draft rules ES168,PENDING,,,
ES089,employer_identity,exact,Somerset NHS Foundation Trust,nhs,HIGH,nhs,REVIEW,FALSE,0,Exact current employer identity confirmed by high-strength repository rule evidence,current published app inventory; supporting draft rules ES173,PENDING,,,
ES090,employer_identity,exact,Manor Hall Academy Trust,education,HIGH,education,REVIEW,FALSE,0,Exact current employer identity confirmed by high-strength repository rule evidence,current published app inventory; supporting draft rules ES168,PENDING,,,
ES091,employer_identity,exact,Longford Primary Academy,education,HIGH,education,REVIEW,FALSE,0,Exact current employer identity confirmed by high-strength repository rule evidence,current published app inventory; supporting draft rules ES168,PENDING,,,
ES092,employer_identity,exact,Excalibur Academies Trust,education,HIGH,education,REVIEW,FALSE,0,Exact current employer identity confirmed by high-strength repository rule evidence,current published app inventory; supporting draft rules ES168,PENDING,,,
ES093,employer_identity,exact,Herefordshire and Worcestershire Health and Care NHS Trust,nhs,HIGH,nhs,REVIEW,FALSE,0,Exact current employer identity confirmed by high-strength repository rule evidence,current published app inventory; supporting draft rules ES173,PENDING,,,
ES094,employer_identity,exact,Worcestershire Acute Hospitals NHS Trust,nhs,HIGH,nhs,REVIEW,FALSE,0,Exact current employer identity confirmed by high-strength repository rule evidence,current published app inventory; supporting draft rules ES173,PENDING,,,
ES095,employer_identity,exact,University Hospitals Coventry and Warwickshire NHS Trust,nhs,HIGH,nhs,REVIEW,FALSE,0,Exact current employer identity confirmed by high-strength repository rule evidence,current published app inventory; supporting draft rules ES173,PENDING,,,
ES096,employer_identity,exact,Fountain Primary School,education,HIGH,education,REVIEW,FALSE,0,Exact current employer identity confirmed by high-strength repository rule evidence,current published app inventory; supporting draft rules ES168,PENDING,,,
ES097,employer_identity,exact,Leeds and York Partnership NHS Foundation Trust,nhs,HIGH,nhs,REVIEW,FALSE,0,Exact current employer identity confirmed by high-strength repository rule evidence,current published app inventory; supporting draft rules ES173,PENDING,,,
ES098,employer_identity,exact,Gateshead Council,council,HIGH,council,REVIEW,FALSE,0,Exact current employer identity confirmed by high-strength repository rule evidence,current published app inventory; supporting draft rules ES169,PENDING,,,
ES099,employer_identity,exact,"Cumbria, Northumberland, Tyne and wear (CNTW) NHS Foundation Trust",nhs,HIGH,nhs,REVIEW,FALSE,0,Exact current employer identity confirmed by high-strength repository rule evidence,current published app inventory; supporting draft rules ES173,PENDING,,,
ES100,employer_identity,exact,Gateshead Health NHS Foundation Trust,nhs,HIGH,nhs,REVIEW,FALSE,0,Exact current employer identity confirmed by high-strength repository rule evidence,current published app inventory; supporting draft rules ES173,PENDING,,,
ES101,employer_identity,exact,Newcastle City Council,council,HIGH,council,REVIEW,FALSE,0,Exact current employer identity confirmed by high-strength repository rule evidence,current published app inventory; supporting draft rules ES169,PENDING,,,
ES102,employer_identity,exact,North Tyneside Council,council,HIGH,council,REVIEW,FALSE,0,Exact current employer identity confirmed by high-strength repository rule evidence,current published app inventory; supporting draft rules ES169,PENDING,,,
ES103,employer_identity,exact,Gosforth Academy,education,HIGH,education,REVIEW,FALSE,0,Exact current employer identity confirmed by high-strength repository rule evidence,current published app inventory; supporting draft rules ES168,PENDING,,,
ES104,employer_identity,exact,The Rowan School,education,HIGH,education,REVIEW,FALSE,0,Exact current employer identity confirmed by high-strength repository rule evidence,current published app inventory; supporting draft rules ES168,PENDING,,,
ES105,employer_identity,exact,Aston Academy,education,HIGH,education,REVIEW,FALSE,0,Exact current employer identity confirmed by high-strength repository rule evidence,current published app inventory; supporting draft rules ES168,PENDING,,,
ES106,employer_identity,exact,Sheffield Teaching Hospitals NHS Foundation Trust,nhs,HIGH,nhs,REVIEW,FALSE,0,Exact current employer identity confirmed by high-strength repository rule evidence,current published app inventory; supporting draft rules ES173,PENDING,,,
ES107,employer_identity,exact,Wildern School,education,HIGH,education,REVIEW,FALSE,0,Exact current employer identity confirmed by high-strength repository rule evidence,current published app inventory; supporting draft rules ES168,PENDING,,,
ES108,employer_identity,exact,Hampshire and Isle of Wight Healthcare NHS Foundation Trust,nhs,HIGH,nhs,REVIEW,FALSE,0,Exact current employer identity confirmed by high-strength repository rule evidence,current published app inventory; supporting draft rules ES173,PENDING,,,
ES109,employer_identity,exact,University Hospital Southampton NHS Trust,nhs,HIGH,nhs,REVIEW,FALSE,0,Exact current employer identity confirmed by high-strength repository rule evidence,current published app inventory; supporting draft rules ES173,PENDING,,,
ES110,employer_identity,exact,Hampshire County Council,council,HIGH,council,REVIEW,FALSE,0,Exact current employer identity confirmed by high-strength repository rule evidence,current published app inventory; supporting draft rules ES169,PENDING,,,
ES111,employer_identity,exact,Welcombe Hills School,education,HIGH,education,REVIEW,FALSE,0,Exact current employer identity confirmed by high-strength repository rule evidence,current published app inventory; supporting draft rules ES168,PENDING,,,
ES112,employer_identity,exact,Kenilworth School and Sixth Form,education,HIGH,education,REVIEW,FALSE,0,Exact current employer identity confirmed by high-strength repository rule evidence,current published app inventory; supporting draft rules ES168,PENDING,,,
ES113,employer_identity,exact,Oak Wood Secondary School,education,HIGH,education,REVIEW,FALSE,0,Exact current employer identity confirmed by high-strength repository rule evidence,current published app inventory; supporting draft rules ES168,PENDING,,,
ES114,employer_identity,exact,South Warwickshire University NHS Foundation Trust,nhs,HIGH,nhs,REVIEW,FALSE,0,Exact current employer identity confirmed by high-strength repository rule evidence,current published app inventory; supporting draft rules ES173,PENDING,,,
ES115,employer_identity,exact,Ringwood School Academy,education,HIGH,education,REVIEW,FALSE,0,Exact current employer identity confirmed by high-strength repository rule evidence,current published app inventory; supporting draft rules ES168,PENDING,,,
ES116,employer_identity,exact,Perins School,education,HIGH,education,REVIEW,FALSE,0,Exact current employer identity confirmed by high-strength repository rule evidence,current published app inventory; supporting draft rules ES168,PENDING,,,
ES117,employer_identity,exact,Shears Green Junior School,education,HIGH,education,REVIEW,FALSE,0,Exact current employer identity confirmed by high-strength repository rule evidence,current published app inventory; supporting draft rules ES168,PENDING,,,
ES118,employer_identity,exact,Nore Academy,education,HIGH,education,REVIEW,FALSE,0,Exact current employer identity confirmed by high-strength repository rule evidence,current published app inventory; supporting draft rules ES168,PENDING,,,
ES119,employer_identity,exact,The Diocese Of Canterbury Academies Trust,education,HIGH,education,REVIEW,FALSE,0,Exact current employer identity confirmed by high-strength repository rule evidence,current published app inventory; supporting draft rules ES168,PENDING,,,
ES120,employer_identity,exact,The University Of Kent Academies Trust,education,HIGH,education,REVIEW,FALSE,0,Exact current employer identity confirmed by high-strength repository rule evidence,current published app inventory; supporting draft rules ES168,PENDING,,,
ES121,employer_identity,exact,Ranelagh Primary School,education,HIGH,education,REVIEW,FALSE,0,Exact current employer identity confirmed by high-strength repository rule evidence,current published app inventory; supporting draft rules ES168,PENDING,,,
ES122,employer_identity,exact,The Sydney Russell School,education,HIGH,education,REVIEW,FALSE,0,Exact current employer identity confirmed by high-strength repository rule evidence,current published app inventory; supporting draft rules ES168,PENDING,,,
ES123,employer_identity,exact,Heathland School,education,HIGH,education,REVIEW,FALSE,0,Exact current employer identity confirmed by high-strength repository rule evidence,current published app inventory; supporting draft rules ES168,PENDING,,,
ES124,employer_identity,exact,Saracens High School,education,HIGH,education,REVIEW,FALSE,0,Exact current employer identity confirmed by high-strength repository rule evidence,current published app inventory; supporting draft rules ES168,PENDING,,,
ES125,employer_identity,exact,Hall Mead School,education,HIGH,education,REVIEW,FALSE,0,Exact current employer identity confirmed by high-strength repository rule evidence,current published app inventory; supporting draft rules ES168,PENDING,,,
ES126,employer_identity,exact,Valentines High School,education,HIGH,education,REVIEW,FALSE,0,Exact current employer identity confirmed by high-strength repository rule evidence,current published app inventory; supporting draft rules ES168,PENDING,,,
ES127,employer_identity,exact,The St Marylebone CofE School,education,HIGH,education,REVIEW,FALSE,0,Exact current employer identity confirmed by high-strength repository rule evidence,current published app inventory; supporting draft rules ES168,PENDING,,,
ES128,employer_identity,exact,Belleville Wix Academy,education,HIGH,education,REVIEW,FALSE,0,Exact current employer identity confirmed by high-strength repository rule evidence,current published app inventory; supporting draft rules ES168,PENDING,,,
ES129,employer_identity,exact,Pathways School,education,HIGH,education,REVIEW,FALSE,0,Exact current employer identity confirmed by high-strength repository rule evidence,current published app inventory; supporting draft rules ES168,PENDING,,,
ES130,employer_identity,exact,St Leonard's Church of England Primary School,education,HIGH,education,REVIEW,FALSE,0,Exact current employer identity confirmed by high-strength repository rule evidence,current published app inventory; supporting draft rules ES168,PENDING,,,
ES131,employer_identity,exact,The Beckmead Trust,education,HIGH,education,REVIEW,FALSE,0,Exact current employer identity confirmed by high-strength repository rule evidence,current published app inventory; supporting draft rules ES168,PENDING,,,
ES132,employer_identity,exact,South London and Maudsley NHS Foundation Trust,nhs,HIGH,nhs,REVIEW,FALSE,0,Exact current employer identity confirmed by high-strength repository rule evidence,current published app inventory; supporting draft rules ES173,PENDING,,,
ES133,employer_identity,exact,Kingston and Richmond NHS Foundation Trust,nhs,HIGH,nhs,REVIEW,FALSE,0,Exact current employer identity confirmed by high-strength repository rule evidence,current published app inventory; supporting draft rules ES173,PENDING,,,
ES134,employer_identity,exact,Whittington Hospital NHS Trust,nhs,HIGH,nhs,REVIEW,FALSE,0,Exact current employer identity confirmed by high-strength repository rule evidence,current published app inventory; supporting draft rules ES173,PENDING,,,
ES135,employer_identity,exact,Durham County Council,council,HIGH,council,REVIEW,FALSE,0,Exact current employer identity confirmed by high-strength repository rule evidence,current published app inventory; supporting draft rules ES169,PENDING,,,
ES136,employer_identity,exact,Connect Multi-Academy Trust,education,HIGH,education,REVIEW,FALSE,0,Exact current employer identity confirmed by high-strength repository rule evidence,current published app inventory; supporting draft rules ES171,PENDING,,,
ES137,employer_identity,exact,Darlington Borough Council,council,HIGH,council,REVIEW,FALSE,0,Exact current employer identity confirmed by high-strength repository rule evidence,current published app inventory; supporting draft rules ES169,PENDING,,,
ES138,employer_identity,exact,Sunderland City Council,council,HIGH,council,REVIEW,FALSE,0,Exact current employer identity confirmed by high-strength repository rule evidence,current published app inventory; supporting draft rules ES169,PENDING,,,
ES139,employer_identity,exact,South Tyneside Council,council,HIGH,council,REVIEW,FALSE,0,Exact current employer identity confirmed by high-strength repository rule evidence,current published app inventory; supporting draft rules ES169,PENDING,,,
ES140,employer_identity,exact,Northumberland County Council,council,HIGH,council,REVIEW,FALSE,0,Exact current employer identity confirmed by high-strength repository rule evidence,current published app inventory; supporting draft rules ES169,PENDING,,,
ES141,employer_identity,exact,Braeburn Primary and Nursery Academy,education,HIGH,education,REVIEW,FALSE,0,Exact current employer identity confirmed by high-strength repository rule evidence,current published app inventory; supporting draft rules ES168,PENDING,,,
ES142,employer_identity,exact,Askwith Primary School,education,HIGH,education,REVIEW,FALSE,0,Exact current employer identity confirmed by high-strength repository rule evidence,current published app inventory; supporting draft rules ES168,PENDING,,,
ES143,employer_identity,exact,Danetree Primary School,education,HIGH,education,REVIEW,FALSE,0,Exact current employer identity confirmed by high-strength repository rule evidence,current published app inventory; supporting draft rules ES168,PENDING,,,
ES144,employer_identity,exact,Holland Junior School,education,HIGH,education,REVIEW,FALSE,0,Exact current employer identity confirmed by high-strength repository rule evidence,current published app inventory; supporting draft rules ES168,PENDING,,,
ES145,employer_identity,exact,Three Rivers Academy,education,HIGH,education,REVIEW,FALSE,0,Exact current employer identity confirmed by high-strength repository rule evidence,current published app inventory; supporting draft rules ES168,PENDING,,,
ES146,employer_identity,exact,Surrey County Council,council,HIGH,council,REVIEW,FALSE,0,Exact current employer identity confirmed by high-strength repository rule evidence,current published app inventory; supporting draft rules ES169,PENDING,,,
ES147,employer_identity,exact,Hoe Bridge School,education,HIGH,education,REVIEW,FALSE,0,Exact current employer identity confirmed by high-strength repository rule evidence,current published app inventory; supporting draft rules ES171,PENDING,,,
ES148,employer_identity,exact,Royal Surrey NHS Foundation Trust,nhs,HIGH,nhs,REVIEW,FALSE,0,Exact current employer identity confirmed by high-strength repository rule evidence,current published app inventory; supporting draft rules ES173,PENDING,,,
ES149,employer_identity,exact,East Sussex Healthcare NHS Trust,nhs,HIGH,nhs,REVIEW,FALSE,0,Exact current employer identity confirmed by high-strength repository rule evidence,current published app inventory; supporting draft rules ES173,PENDING,,,
ES150,employer_identity,exact,Dixons Cottingley Academy,education,HIGH,education,REVIEW,FALSE,0,Exact current employer identity confirmed by high-strength repository rule evidence,current published app inventory; supporting draft rules ES168,PENDING,,,
ES151,employer_identity,exact,Akari Care Limited,private_sector,HIGH,private_sector,REVIEW,FALSE,0,Exact current employer identity is a direct private provider/company; this overrides mixed NHS Jobs source evidence,current published app inventory; company/advertiser_name fields,PENDING,,,
ES152,employer_identity,exact,Avery Healthcare Group Ltd.,private_sector,HIGH,private_sector,REVIEW,FALSE,0,Exact current employer identity is a direct private provider/company; this overrides mixed NHS Jobs source evidence,current published app inventory; company/advertiser_name fields,PENDING,,,
ES153,employer_identity,exact,Barchester Healthcare,private_sector,HIGH,private_sector,REVIEW,FALSE,0,Exact current employer identity is a direct private provider/company; this overrides mixed NHS Jobs source evidence,current published app inventory; company/advertiser_name fields,PENDING,,,
ES154,employer_identity,exact,City Plumbing,private_sector,HIGH,private_sector,REVIEW,FALSE,0,Exact current employer identity is a direct private provider/company; this overrides mixed NHS Jobs source evidence,current published app inventory; company/advertiser_name fields,PENDING,,,
ES155,employer_identity,exact,Compass UK & Ireland,private_sector,HIGH,private_sector,REVIEW,FALSE,0,Exact current employer identity is a direct private provider/company; this overrides mixed NHS Jobs source evidence,current published app inventory; company/advertiser_name fields,PENDING,,,
ES156,employer_identity,exact,EE,private_sector,HIGH,private_sector,REVIEW,FALSE,0,Exact current employer identity is a direct private provider/company; this overrides mixed NHS Jobs source evidence,current published app inventory; company/advertiser_name fields,PENDING,,,
ES157,employer_identity,exact,Elysium Healthcare,private_sector,HIGH,private_sector,REVIEW,FALSE,0,Exact current employer identity is a direct private provider/company; this overrides mixed NHS Jobs source evidence,current published app inventory; company/advertiser_name fields,PENDING,,,
ES158,employer_identity,exact,Hamberley Care Management Limited,private_sector,HIGH,private_sector,REVIEW,FALSE,0,Exact current employer identity is a direct private provider/company; this overrides mixed NHS Jobs source evidence,current published app inventory; company/advertiser_name fields,PENDING,,,
ES159,employer_identity,exact,HCRG Care Group,private_sector,HIGH,private_sector,REVIEW,FALSE,0,Exact current employer identity is a direct private provider/company; this overrides mixed NHS Jobs source evidence,current published app inventory; company/advertiser_name fields,PENDING,,,
ES160,employer_identity,exact,M Group,private_sector,HIGH,private_sector,REVIEW,FALSE,0,Exact current employer identity is a direct private provider/company; this overrides mixed NHS Jobs source evidence,current published app inventory; company/advertiser_name fields,PENDING,,,
ES161,employer_identity,exact,Practice Plus Group - Health in Justice,private_sector,HIGH,private_sector,REVIEW,FALSE,0,Exact current employer identity is a direct private provider/company; this overrides mixed NHS Jobs source evidence,current published app inventory; company/advertiser_name fields,PENDING,,,
ES162,employer_identity,exact,Primary Care Management Solutions Ltd,private_sector,HIGH,private_sector,REVIEW,FALSE,0,Exact current employer identity is a direct private provider/company; this overrides mixed NHS Jobs source evidence,current published app inventory; company/advertiser_name fields,PENDING,,,
ES163,employer_identity,exact,Sky,private_sector,HIGH,private_sector,REVIEW,FALSE,0,Exact current employer identity is a direct private provider/company; this overrides mixed NHS Jobs source evidence,current published app inventory; company/advertiser_name fields,PENDING,,,
ES164,employer_identity,exact,Spire Healthcare,private_sector,HIGH,private_sector,REVIEW,FALSE,0,Exact current employer identity is a direct private provider/company; this overrides mixed NHS Jobs source evidence,current published app inventory; company/advertiser_name fields,PENDING,,,
ES165,employer_identity,exact,Sysco,private_sector,HIGH,private_sector,REVIEW,FALSE,0,Exact current employer identity is a direct private provider/company; this overrides mixed NHS Jobs source evidence,current published app inventory; company/advertiser_name fields,PENDING,,,
ES166,employer_identity,exact,Tarmac Trading Limited,private_sector,HIGH,private_sector,REVIEW,FALSE,0,Exact current employer identity is a direct private provider/company; this overrides mixed NHS Jobs source evidence,current published app inventory; company/advertiser_name fields,PENDING,,,
ES167,employer_identity,exact,Veolia,private_sector,HIGH,private_sector,REVIEW,FALSE,0,Exact current employer identity is a direct private provider/company; this overrides mixed NHS Jobs source evidence,current published app inventory; company/advertiser_name fields,PENDING,,,
ES168,source,exact,Teaching Vacancies,education,HIGH,education,REVIEW,FALSE,1,Repository source is the official Teaching Vacancies school service,pipeline/external_sources/teaching_vacancies_discovery.py; lib/job-sector.ts,PENDING,,,
ES169,employer_identity,regex,\bCouncil\b,council,HIGH,council,REVIEW,FALSE,1,Explicit council employer identity is strong local-government evidence,current published app inventory; lib/job-sector.ts,PENDING,,,
ES170,employer_identity,regex,\bLocal Authority\b,council,HIGH,council,REVIEW,FALSE,1,Explicit local-authority employer identity is strong council evidence,current published app inventory; lib/job-sector.ts,PENDING,,,
ES171,employer_identity,regex,\b(?:Primary|Secondary|Infant|Junior|High) School\b|\bSchool$|\bAcademy\b|\bAcademies Trust\b|\bMulti-Academy Trust\b,education,HIGH,education,REVIEW,FALSE,1,Explicit school or academy employer identity is direct education-sector evidence,current Teaching Vacancies published inventory,PENDING,,,
ES172,employer_identity,regex,\bIntegrated Care Board\b|\bNHS England\b,nhs,HIGH,nhs,REVIEW,FALSE,1,Explicit NHS commissioning/body identity is authoritative NHS evidence,current published app inventory; lib/job-sector.ts,PENDING,,,
ES173,employer_identity,regex,\bNHS\s+(?:Foundation\s+)?Trust\b|\bNHS Foundation Trust\b,nhs,HIGH,nhs,REVIEW,FALSE,1,Explicit NHS Trust or NHS Foundation Trust employer identity is authoritative NHS evidence,current published app inventory; lib/job-sector.ts,PENDING,,,
ES174,employer_identity,regex,\b(?:Police|Constabulary|Fire and Rescue|Civil Service|Government Department)\b,public_sector,HIGH,public_sector,REVIEW,FALSE,1,Explicit emergency-service or central-government identity supports public-sector classification,lib/job-sector.ts; current published app inventory,PENDING,,,
ES175,source,exact,VONNE,charity,MEDIUM,unknown,REVIEW,FALSE,2,"VONNE is the repository voluntary-sector source, but conflicts must remain unknown",pipeline/external_sources/EXTERNAL_SOURCE_REGISTER.md; lib/job-sector.ts,PENDING,,,
ES176,combined_text,regex,\b(?:registered charity|charity number|charitable organisation|not-for-profit|non-profit)\b,charity,MEDIUM,unknown,REVIEW,FALSE,2,Explicit legal/organisational charity wording supports charity classification,lib/job-sector.ts; current published app inventory,PENDING,,,
ES177,employer_identity,regex,\bHospice\b,charity,MEDIUM,unknown,REVIEW,FALSE,2,Hospice identity is usable charity evidence only when no conflicting employer evidence exists,lib/job-sector.ts; current published app inventory,PENDING,,,
ES178,employer_identity,regex,\b(?:University|College)\b,education,MEDIUM,unknown,REVIEW,FALSE,2,Named university or college identity supports education but conflicts remain fail-closed,current Teaching Vacancies and JobG8 published inventory,PENDING,,,
ES179,employer_identity,regex,\bHealth Board\b,nhs,MEDIUM,unknown,REVIEW,FALSE,2,Health Board wording is normally NHS evidence but requires conflict review,current published app inventory,PENDING,,,
ES180,employer_identity,regex,\bNHS\b,nhs,MEDIUM,unknown,REVIEW,FALSE,2,Explicit NHS employer wording supports NHS classification unless an exact provider override conflicts,current published app inventory; lib/job-sector.ts,PENDING,,,
ES181,employer_identity,regex,\b(?:GP Surgery|General Practice|Medical Practice|Group Practice|Medical Centre)\b,unknown,LOW,unknown,REVIEW,FALSE,80,Primary-care wording does not prove NHS/public ownership because GP providers may be independent,current NHS Jobs published inventory; lib/job-sector.ts,PENDING,,,
ES182,advertiser_type,exact,Agency,unknown,LOW,unknown,REVIEW,FALSE,90,Recruitment-agency identity does not establish the hiring employer sector,current published app inventory; pipeline/scripts/service_admin_pipeline_core.py,PENDING,,,
ES183,advertiser_type,exact,Company,unknown,LOW,unknown,REVIEW,FALSE,90,Company advertiser type is not sufficient because current data labels some public bodies as Company,current published app inventory; lib/job-sector.ts,PENDING,,,
ES184,source,exact,JobG8,unknown,LOW,unknown,REVIEW,FALSE,90,JobG8 is a mixed aggregator and cannot establish employer sector,current published app inventory; pipeline/scripts/service_admin_pipeline_core.py,PENDING,,,
ES185,source,exact,NEJobs,unknown,LOW,unknown,REVIEW,FALSE,90,"NEJobs contains councils, education bodies and partner organisations; source alone is insufficient",current published app inventory; pipeline/external_sources/northeast_jobs_poc.py,PENDING,,,
ES186,source,exact,NHS Jobs,unknown,LOW,unknown,REVIEW,FALSE,90,NHS Jobs is a mixed employer channel containing NHS bodies and private care providers,current published app inventory; lib/job-sector.ts,PENDING,,,
ES187,any,fallback,*,unknown,LOW,unknown,REVIEW,FALSE,99,Anything without sufficient positive employer/provider evidence remains unknown,governance requirement: fail closed,PENDING,,,
